separate_mechanism	mover_ch	motion_en	time	date	mover_en	type	motion_ch	vote_number
Yes	郭偉強	"AMENDMENT BY HON KWOK WAI-KEUNG TO HON CHAN HAK-KAN'S MOTION ON ""CARING ABOUT THE EDUCATION, EMPLOYMENT, HOUSING, HOME ACQUISITION AND BUSINESS START-UP PROBLEMS FACED BY YOUNG PEOPLE"""	20:35:36	28/11/2012	KWOK Wai-keung	Member	郭偉強議員對陳克勤議員的「關注青年人面對的學業、就業、住屋置業和創業問題」議案作出的修正案	[u'1']
Yes	何秀蘭	"AMENDMENT BY HON CYD HO TO HON FREDERICK FUNG'S MOTION ON ""RAISING THE MINIMUM WAGE LEVEL TO $33 OR ABOVE PER HOUR"""	17:46:41	31/10/2012	Cyd HO	Member	何秀蘭議員對馮檢基議員的「調升最低工資水平至時薪33元或以上」議案作出的修正案	[u'1']
Yes	黃毓民	"MOTION ON ""VOTE OF NO CONFIDENCE IN THE SECRETARY FOR DEVELOPMENT AND THE SECRETARY FOR EDUCATION"""	17:32:53	14/11/2012	WONG Yuk-man	Member	「對發展局局長及教育局局長投不信任票」議案	[u'1']
Yes	陳家洛	"AMENDMENT BY DR HON KENNETH CHAN TO HON IP KIN-YUEN'S MOTION ON ""URGING THE GOVERNMENT TO WITHDRAW THE CURRICULUM GUIDE OF MORAL AND NATIONAL EDUCATION SUBJECT AND REQUESTING THE SECRETARY FOR EDUCATION, MR EDDIE NG, TO STEP DOWN"""	19:37:53	17/10/2012	Dr Kenneth CHAN	Member	陳家洛議員對葉建源議員的「促請政府撤回'德育及國民教育科'課程指引及要求教育局局長吳克儉先生下台」議案作出的修正案	[u'1']
Yes	陳婉嫻	"AMENDMENT BY HON CHAN YUEN-HAN TO HON LEUNG KWOK-HUNG'S MOTION ON ""BUYING BACK THE SHARES OF THE LINK"""	18:05:33	21/11/2012	CHAN Yuen-han	Member	陳婉嫻議員對梁國雄議員的「回購領匯股份」議案作出的修正案	[u'1']
Yes	葉劉淑儀	"AMENDMENT BY HON MRS REGINA IP TO HON CYD HO'S MOTION ON ""EQUAL RIGHTS FOR PEOPLE OF DIFFERENT SEXUAL ORIENTATIONS"""	17:39:55	07/11/2012	Mrs Regina IP	Member	葉劉淑儀議員對何秀蘭議員的「同志平權」議案作出的修正案	[u'1']
Yes	陳偉業	PROPOSED RESOLUTION UNDER THE LEGISLATIVE COUNCIL (POWERS AND PRIVILEGES) ORDINANCE	18:18:10	05/12/2012	Albert CHAN	Member	根據《立法會（權力及特權）條例》動議的擬議決議案	[u'1']
Yes	馮檢基	"AMENDMENT BY HON FREDERICK FUNG TO HON EMILY LAU'S MOTION ON ""NORTH EAST NEW TERRITORIES NEW DEVELOPMENT AREAS PLANNING AND ENGINEERING STUDY"""	19:06:10	24/10/2012	Frederick FUNG	Member	馮檢基議員對劉慧卿議員的「新界東北新發展區規劃及工程研究」議案作出的修正案	[u'1']
Yes	方剛	"AMENDMENT BY HON VINCENT FANG TO DR HON JOSEPH LEE'S MOTION ON ""URGING THE GOVERNMENT TO REGULATE HEALTH FOOD PRODUCTS"" AS AMENDED BY HON ALICE MAK"	18:07:33	12/12/2012	Vincent FANG	Member	方剛議員對李國麟議員就「促請政府規管保健食品」所提，經麥美娟議員修正的議案，作出的修正案	[u'1']
Yes	張國柱	"AMENDMENT BY HON CHEUNG KWOK-CHE TO HON CHAN HAK-KAN'S MOTION ON ""CARING ABOUT THE EDUCATION, EMPLOYMENT, HOUSING, HOME ACQUISITION AND BUSINESS START-UP PROBLEMS FACED BY YOUNG PEOPLE"""	20:38:38	28/11/2012	CHEUNG Kwok-che	Member	張國柱議員對陳克勤議員的「關注青年人面對的學業、就業、住屋置業和創業問題」議案作出的修正案	[u'2']
Yes	馮檢基	AMENDMENT BY HON FREDERICK FUNG TO HON ANDREW LEUNG'S MOTION OF THANKS	21:23:18	01/02/2013	Frederick FUNG	Member	馮檢基議員對梁君彥議員的致謝議案作出的修正案	[u'1']
Yes	郭偉強	"AMENDMENT BY HON KWOK WAI-KEUNG TO DR HON ELIZABETH QUAT'S MOTION ON ""ASSISTING THE MIDDLE CLASS"""	19:38:39	23/01/2013	KWOK Wai-keung	Member	郭偉強議員對葛珮帆議員的「幫助中產」議案作出的修正案	[u'1']
No	運輸及房屋局局長	FIRST PROPOSED RESOLUTION UNDER THE PUBLIC BUS SERVICES ORDINANCE	14:22:56	20/03/2013	Secretary for Transport and Housing	Public Officer	根據《公共巴士服務條例》動議的第一項擬議決議案	[u'1']
Yes	李卓人	PROPOSED RESOLUTION UNDER THE LEGISLATIVE COUNCIL (POWERS AND PRIVILEGES) ORDINANCE	19:57:24	19/12/2012	LEE Cheuk-yan	Member	根據《立法會（權力及特權）條例》動議的擬議決議案	[u'1']
Yes	梁國雄	MOTION UNDER ARTICLE 73(9) OF THE BASIC LAW	22:15:37	09/01/2013	LEUNG Kwok-hung	Member	根據《基本法》第七十三（九）‍條動議的議案	[u'1']
Yes	馮檢基	"AMENDMENT BY HON FREDERICK FUNG TO HON CHAN YUEN-HAN'S MOTION ON ""ALLEVIATING POVERTY"""	23:14:44	14/11/2012	Frederick FUNG	Member	馮檢基議員對陳婉嫻議員的「紓解貧窮」議案作出的修正案	[u'2']
Yes	謝偉俊	"MOTION MOVED BY HON PAUL TSE ON ""URGING THE GOVERNMENT TO ERADICATE 'GUTTER OIL' AND TAKE THE LEAD IN SUPPORTING BIODIESEL"" AS AMENDED BY HON WONG KWOK-HING / HON FRANKIE YICK / HON STEVEN HO"	16:30:27	27/03/2013	Paul TSE	Member	謝偉俊議員動議，經王國興議員／易志明議員／何俊賢議員修正的「促請政府杜絕'地溝油'，並牽頭支持生化柴油」議案	[u'1']
Yes	何秀蘭	MOTION UNDER THE LEGISLATIVE COUNCIL (POWERS AND PRIVILEGES) ORDINANCE	15:39:37	20/02/2013	Cyd HO	Member	根據《立法會（權力及特權）條例》動議的議案	[u'1']
Yes	麥美娟	"AMENDMENT BY HON ALICE MAK TO HON CHAN HAN-PAN'S MOTION ON ""DEVELOPING A NEW NORTH LANTAU"" AS AMENDED BY HON RONNY TONG / HON TONY TSE"	21:00:30	06/02/2013	Alice MAK	Member	麥美娟議員對陳恒鑌議員就「建設新北大嶼山」所提，經湯家驊議員／謝偉銓議員修正的議案，作出的修正案	[u'1']
Yes	張超雄	"AMENDMENT BY DR HON FERNANDO CHEUNG TO HON FREDERICK FUNG'S MOTION ON ""RAISING THE MINIMUM WAGE LEVEL TO $33 OR ABOVE PER HOUR"""	17:49:44	31/10/2012	Dr Fernando CHEUNG	Member	張超雄議員對馮檢基議員的「調升最低工資水平至時薪33元或以上」議案作出的修正案	[u'2']
Yes	梁志祥	"AMENDMENT BY HON LEUNG CHE-CHEUNG TO HON LEUNG KWOK-HUNG'S MOTION ON ""BUYING BACK THE SHARES OF THE LINK"""	18:08:37	21/11/2012	LEUNG Che-cheung	Member	梁志祥議員對梁國雄議員的「回購領匯股份」議案作出的修正案	[u'2']
Yes	馮檢基	"AMENDMENT BY HON FREDERICK FUNG TO HON IP KIN-YUEN'S MOTION ON ""URGING THE GOVERNMENT TO WITHDRAW THE CURRICULUM GUIDE OF MORAL AND NATIONAL EDUCATION SUBJECT AND REQUESTING THE SECRETARY FOR EDUCATION, MR EDDIE NG, TO STEP DOWN"""	19:41:08	17/10/2012	Frederick FUNG	Member	馮檢基議員對葉建源議員的「促請政府撤回'德育及國民教育科'課程指引及要求教育局局長吳克儉先生下台」議案作出的修正案	[u'2']
Yes	鍾國斌	"AMENDMENT BY HON CHUNG KWOK-PAN TO HON CYD HO'S MOTION ON ""EQUAL RIGHTS FOR PEOPLE OF DIFFERENT SEXUAL ORIENTATIONS"""	17:42:53	07/11/2012	CHUNG Kwok-pan	Member	鍾國斌議員對何秀蘭議員的「同志平權」議案作出的修正案	[u'2']
Yes	郭家麒	"AMENDMENT BY DR HON KWOK KA-KI TO HON MICHAEL TIEN'S MOTION ON ""EXECUTIVE COUNCIL AS GATE-KEEPER FOR MTR FARES"""	10:44:05	06/12/2012	Dr KWOK Ka-ki	Member	郭家麒議員對田北辰議員的「港鐵票價，行會把關」議案作出的修正案	[u'2']
No	財政司司長	APPROPRIATION BILL 2013 - SECOND READING	19:52:56	24/04/2013	The Financial Secretary	Public Officer	《2013年撥款條例草案》－ 二讀	[u'1']
Yes	陳克勤	"AMENDMENT BY HON CHAN HAK-KAN TO HON EMILY LAU'S MOTION ON ""NORTH EAST NEW TERRITORIES NEW DEVELOPMENT AREAS PLANNING AND ENGINEERING STUDY"""	19:09:08	24/10/2012	CHAN Hak-kan	Member	陳克勤議員對劉慧卿議員的「新界東北新發展區規劃及工程研究」議案作出的修正案	[u'2']
Yes	胡志偉	"MOTION ON ""VOTE OF NO CONFIDENCE IN THE CHIEF EXECUTIVE"""	22:39:37	12/12/2012	WU Chi-wai	Member	「對行政長官投不信任票」議案	[u'2']
Yes	李卓人	"AMENDMENT BY HON LEE CHEUK-YAN TO HON TANG KA-PIU'S MOTION ON ""COMPREHENSIVELY REVIEWING THE MANDATORY PROVIDENT FUND SCHEME"""	14:35:07	10/01/2013	LEE Cheuk-yan	Member	李卓人議員對鄧家彪議員的「全面檢討強制性公積金計劃」議案作出的修正案	[u'2']
No	政制及內地事務局局長	DISTRICT COUNCILS (AMENDMENT) BILL 2013 - SECOND READING	21:15:27	22/05/2013	Secretary for Constitutional and Mainland Affairs	Public Officer	《2013年區議會(修訂)條例草案》- 二讀	[u'1']
Yes	陳婉嫻	"AMENDMENT BY HON CHAN YUEN-HAN TO HON CHAN HAK-KAN'S MOTION ON ""CARING ABOUT THE EDUCATION, EMPLOYMENT, HOUSING, HOME ACQUISITION AND BUSINESS START-UP PROBLEMS FACED BY YOUNG PEOPLE"""	20:41:01	28/11/2012	CHAN Yuen-han	Member	陳婉嫻議員對陳克勤議員的「關注青年人面對的學業、就業、住屋置業和創業問題」議案作出的修正案	[u'3']
Yes	單仲偕	AMENDMENT BY HON SIN CHUNG-KAI TO HON ANDREW LEUNG'S MOTION OF THANKS	21:26:28	01/02/2013	SIN Chung-kai	Member	單仲偕議員對梁君彥議員的致謝議案作出的修正案	[u'2']
Yes	郭家麒	"AMENDMENT BY DR HON KWOK KA-KI TO DR HON ELIZABETH QUAT'S MOTION ON ""ASSISTING THE MIDDLE CLASS"""	19:41:31	23/01/2013	Dr KWOK Ka-ki	Member	郭家麒議員對葛珮帆議員的「幫助中產」議案作出的修正案	[u'2']
Yes	張超雄	"AMENDMENT BY DR HON FERNANDO CHEUNG TO HON MRS REGINA IP'S MOTION ON ""REVIVING THE QUALITY OF LOCAL EDUCATION AND STOPPING THE BLIND INDUSTRIALIZATION OF EDUCATION"""	13:56:54	20/12/2012	Dr Fernando CHEUNG	Member	張超雄議員對葉劉淑儀議員的「重振本地教育質素，停止教育盲目產業化」議案作出的修正案	[u'2']
Yes	王國興	"AMENDMENT BY HON WONG KWOK-HING TO DR HON PRISCILLA LEUNG'S MOTION ON ""IMPROVING PROPERTY MANAGEMENT AND OPERATION OF OWNERS' CORPORATIONS"""	20:26:08	27/03/2013	WONG Kwok-hing	Member	王國興議員對梁美芬議員的「改善物業管理及業主立案法團運作」議案作出的修正案	[u'2']
Yes	何俊仁	"MOTION ON ""THE 4 JUNE INCIDENT"""	17:25:11	29/05/2013	Albert HO	Member	「六四事件」議案	[u'1']
Yes	張超雄	"AMENDMENT BY DR HON FERNANDO CHEUNG TO HON CHAN YUEN-HAN'S MOTION ON ""ALLEVIATING POVERTY"" AS AMENDED BY HON FREDERICK FUNG"	23:19:46	14/11/2012	Dr Fernando CHEUNG	Member	張超雄議員對陳婉嫻議員就「紓解貧窮」所提，經馮檢基議員修正的議案，作出的修正案	[u'3']
Yes	單仲偕	"AMENDMENT BY HON SIN CHUNG-KAI TO HON MARTIN LIAO'S MOTION ON ""PROMOTING HONG KONG'S ECONOMIC RESTRUCTURING"" AS AMENDED BY HON KENNETH LEUNG / HON CHRISTOPHER CHEUNG / HON TANG KA-PIU"	20:05:26	20/03/2013	SIN Chung-kai	Member	單仲偕議員對廖長江議員就「推動香港經濟轉型」所提，經梁繼昌議員／張華峰議員／鄧家彪議員修正的議案，作出的修正案	[u'2']
Yes	盧偉國	"AMENDMENT BY IR DR HON LO WAI-KWOK TO HON RONNY TONG'S MOTION ON ""IMPLEMENTING DUAL UNIVERSAL SUFFRAGE"""	20:34:51	20/02/2013	Ir Dr LO Wai-kwok	Member	盧偉國議員對湯家驊議員的「落實雙普選」議案作出的修正案	[u'2']
Yes	張超雄	"AMENDMENT BY DR HON FERNANDO CHEUNG TO HON CHAN HAN-PAN'S MOTION ON ""DEVELOPING A NEW NORTH LANTAU"" AS AMENDED BY HON RONNY TONG / HON TONY TSE / HON ALICE MAK"	21:04:04	06/02/2013	Dr Fernando CHEUNG	Member	張超雄議員對陳恒鑌議員就「建設新北大嶼山」所提，經湯家驊議員／謝偉銓議員／麥美娟議員修正的議案，作出的修正案	[u'2']
Yes	何俊仁	"HON ALBERT HO'S AMENDMENT TO HON JAMES TO'S AMENDMENT TO HON NG LEUNG-SING'S MOTION ON ""MAINTAINING AND ENHANCING HONG KONG'S POSITION AS AN INTERNATIONAL FINANCIAL CENTRE"" AS AMENDED BY HON CHRISTOPHER CHEUNG"	17:01:21	19/06/2013	Albert HO	Member	何俊仁議員就涂謹申議員對吳亮星議員經張華峰議員修正的「維護和提高香港的國際金融中心地位」議案所提修正案，作出的修正案	[u'1']
Yes	張國柱	"AMENDMENT BY HON CHEUNG KWOK-CHE TO HON FREDERICK FUNG'S MOTION ON ""RAISING THE MINIMUM WAGE LEVEL TO $33 OR ABOVE PER HOUR"""	17:51:44	31/10/2012	CHEUNG Kwok-che	Member	張國柱議員對馮檢基議員的「調升最低工資水平至時薪33元或以上」議案作出的修正案	[u'3']
Yes	郭家麒	"AMENDMENT BY DR HON KWOK KA-KI TO HON LEUNG KWOK-HUNG'S MOTION ON ""BUYING BACK THE SHARES OF THE LINK"""	18:10:40	21/11/2012	Dr KWOK Ka-ki	Member	郭家麒議員對梁國雄議員的「回購領匯股份」議案作出的修正案	[u'3']
Yes	郭偉強	"AMENDMENT BY HON KWOK WAI-KEUNG TO HON STARRY LEE'S MOTION ON ""ACTIVELY PROMOTING FAMILY-FRIENDLY POLICIES"""	18:07:39	05/06/2013	KWOK Wai-keung	Member	郭偉強議員對李慧琼議員的「積極推動家庭友善政策」議案作出的修正案	[u'1']
Yes	李卓人	"AMENDMENT BY HON LEE CHEUK-YAN TO HON MICHAEL TIEN'S MOTION ON ""EXECUTIVE COUNCIL AS GATE-KEEPER FOR MTR FARES"""	10:47:02	06/12/2012	LEE Cheuk-yan	Member	李卓人議員對田北辰議員的「港鐵票價，行會把關」議案作出的修正案	[u'3']
No	財政司司長	APPROPRIATION BILL 2013 - COMMITTEE STAGE - THE SUMS FOR HEADS 23, 25 TO 28, 33, 42, 45, 48, 51, 60, 78, 106, 112, 114, 116, 118, 120, 121, 136, 166, 168, 174, 181, 184 AND 188 STAND PART OF THE SCHEDULE	9:28:32	25/04/2013	The Financial Secretary	Public Officer	《2013年撥款條例草案》－ 全體委員會審議階段 － 總目23、25至28、33、42、45、48、51、60、78、106、112、114、116、118、120、121、136、166、168、174、181、184及188的款額納入附表	[u'2']
Yes	葉建源	"MOTION ON ""URGING THE GOVERNMENT TO WITHDRAW THE CURRICULUM GUIDE OF MORAL AND NATIONAL EDUCATION SUBJECT AND REQUESTING THE SECRETARY FOR EDUCATION, MR EDDIE NG, TO STEP DOWN"""	19:44:20	17/10/2012	IP Kin-yuen	Member	「促請政府撤回'德育及國民教育科'課程指引及要求教育局局長吳克儉先生下台」議案	[u'3']
Yes	范國威	"AMENDMENT BY HON GARY FAN TO HON CYD HO'S MOTION ON ""EQUAL RIGHTS FOR PEOPLE OF DIFFERENT SEXUAL ORIENTATIONS"""	17:45:07	07/11/2012	Gary FAN	Member	范國威議員對何秀蘭議員的「同志平權」議案作出的修正案	[u'3']
Yes	陳婉嫻	"AMENDMENT BY HON CHAN YUEN-HAN TO HON EMILY LAU'S MOTION ON ""NORTH EAST NEW TERRITORIES NEW DEVELOPMENT AREAS PLANNING AND ENGINEERING STUDY"""	19:11:15	24/10/2012	CHAN Yuen-han	Member	陳婉嫻議員對劉慧卿議員的「新界東北新發展區規劃及工程研究」議案作出的修正案	[u'3']
Yes	梁家騮	"AMENDMENT BY DR HON LEUNG KA-LAU TO HON ALICE MAK'S MOTION ON ""DRUG FORMULARY AND DRUGS SUBSIDY SYSTEM"""	11:39:43	23/05/2013	Dr LEUNG Ka-lau	Member	梁家騮議員對麥美娟議員的「《藥物名冊》及藥物資助制度」議案作出的修正案	[u'2']
Yes	毛孟靜	"AMENDMENT BY HON CLAUDIA MO TO HON SIN CHUNG-KAI'S MOTION ON ""FACING UP TO THE ASPIRATIONS OF THE PEOPLE PARTICIPATING IN THE MARCH ON 1 JULY"""	19:26:57	03/07/2013	Claudia MO	Member	毛孟靜議員對單仲偕議員的「正視七一遊行市民的訴求」議案作出的修正案	[u'1']
Yes	梁國雄	MOTION UNDER THE LEGISLATIVE COUNCIL (POWERS AND PRIVILEGES) ORDINANCE	21:06:32	26/06/2013	LEUNG Kwok-hung	Member	根據《立法會（權力及特權）條例》動議的議案	[u'1']
Yes	潘兆平	"AMENDMENT BY HON POON SIU-PING TO HON TANG KA-PIU'S MOTION ON ""COMPREHENSIVELY REVIEWING THE MANDATORY PROVIDENT FUND SCHEME"""	14:38:12	10/01/2013	POON Siu-ping	Member	潘兆平議員對鄧家彪議員的「全面檢討強制性公積金計劃」議案作出的修正案	[u'3']
Yes	葉國謙	"AMENDMENT BY HON IP KWOK-HIM TO HON ALAN LEONG'S MOTION ON ""DEMOCRATIC PROCEDURES FOR THE ELECTION OF THE CHIEF EXECUTIVE BY UNIVERSAL SUFFRAGE IN 2017"""	21:32:20	29/05/2013	IP Kwok-him	Member	葉國謙議員對梁家傑議員的「2017年行政長官普選的民主程序」議案作出的修正案	[u'2']
Yes	何秀蘭	HONG KONG ARTS DEVELOPMENT COUNCIL (AMENDMENT) BILL 2013 - COMMITTEE STAGE - NEW CLAUSE 4 BE READ THE SECOND TIME	16:43:04	10/07/2013	Cyd HO	Member	《2013年香港藝術發展局（修訂）條例草案》－ 全體委員會審議階段 － 新訂的第4條，予以二讀	[u'1']
Yes	黃碧雲	"AMENDMENT BY DR HON HELENA WONG TO HON CHAN HAK-KAN'S MOTION ON ""CARING ABOUT THE EDUCATION, EMPLOYMENT, HOUSING, HOME ACQUISITION AND BUSINESS START-UP PROBLEMS FACED BY YOUNG PEOPLE"" AS AMENDED BY HON CHAN YUEN-HAN / DR HON KENNETH CHAN"	20:44:34	28/11/2012	Dr Helena WONG	Member	黃碧雲議員對陳克勤議員就「關注青年人面對的學業、就業、住屋置業和創業問題」所提，經陳婉嫻議員／陳家洛議員修正的議案，作出的修正案	[u'4']
Yes	何秀蘭	AMENDMENT BY HON CYD HO TO HON ANDREW LEUNG'S MOTION OF THANKS	21:28:30	01/02/2013	Cyd HO	Member	何秀蘭議員對梁君彥議員的致謝議案作出的修正案	[u'3']
Yes	梁繼昌	"AMENDMENT BY HON KENNETH LEUNG TO DR HON ELIZABETH QUAT'S MOTION ON ""ASSISTING THE MIDDLE CLASS"""	19:43:54	23/01/2013	Kenneth LEUNG	Member	梁繼昌議員對葛珮帆議員的「幫助中產」議案作出的修正案	[u'3']
Yes	毛孟靜	"AMENDMENT BY HON CLAUDIA MO TO HON MRS REGINA IP'S MOTION ON ""REVIVING THE QUALITY OF LOCAL EDUCATION AND STOPPING THE BLIND INDUSTRIALIZATION OF EDUCATION"""	13:59:49	20/12/2012	Claudia MO	Member	毛孟靜議員對葉劉淑儀議員的「重振本地教育質素，停止教育盲目產業化」議案作出的修正案	[u'3']
Yes	毛孟靜	"AMENDMENT BY HON CLAUDIA MO TO DR HON PRISCILLA LEUNG'S MOTION ON ""IMPROVING PROPERTY MANAGEMENT AND OPERATION OF OWNERS' CORPORATIONS"""	20:28:59	27/03/2013	Claudia MO	Member	毛孟靜議員對梁美芬議員的「改善物業管理及業主立案法團運作」議案作出的修正案	[u'3']
Yes	涂謹申	"AMENDMENT BY HON JAMES TO TO HON NG LEUNG-SING'S MOTION ON ""MAINTAINING AND ENHANCING HONG KONG'S POSITION AS AN INTERNATIONAL FINANCIAL CENTRE"" AS AMENDED BY HON CHRISTOPHER CHEUNG"	17:04:35	19/06/2013	James TO	Member	涂謹申議員對吳亮星議員就「維護和提高香港的國際金融中心地位」所提，經張華峰議員修正的議案，作出的修正案	[u'2']
Yes	張超雄	"AMENDMENT BY DR HON FERNANDO CHEUNG TO DR HON LEUNG KA-LAU'S MOTION ON ""DISSOLVING THE HOSPITAL AUTHORITY"""	12:52:24	18/07/2013	Dr Fernando CHEUNG	Member	張超雄議員對梁家騮議員的「解散醫院管理局」議案作出的修正案	[u'1']
Yes	張國柱	"AMENDMENT BY HON CHEUNG KWOK-CHE TO HON CHAN YUEN-HAN'S MOTION ON ""ALLEVIATING POVERTY"" AS AMENDED BY HON FREDERICK FUNG"	23:23:24	14/11/2012	CHEUNG Kwok-che	Member	張國柱議員對陳婉嫻議員就「紓解貧窮」所提，經馮檢基議員修正的議案，作出的修正案	[u'4']
Yes	葉建源	"AMENDMENT BY HON IP KIN-YUEN TO HON MARTIN LIAO'S MOTION ON ""PROMOTING HONG KONG'S ECONOMIC RESTRUCTURING"" AS AMENDED BY HON KENNETH LEUNG / HON CHRISTOPHER CHEUNG / HON TANG KA-PIU / HON SIN CHUNG-KAI"	20:09:10	20/03/2013	IP Kin-yuen	Member	葉建源議員對廖長江議員就「推動香港經濟轉型」所提，經梁繼昌議員／張華峰議員／鄧家彪議員／單仲偕議員修正的議案，作出的修正案	[u'3']
Yes	范國威	"AMENDMENT BY HON GARY FAN TO HON RONNY TONG'S MOTION ON ""IMPLEMENTING DUAL UNIVERSAL SUFFRAGE"""	20:37:45	20/02/2013	Gary FAN	Member	范國威議員對湯家驊議員的「落實雙普選」議案作出的修正案	[u'3']
Yes	陳恒鑌	"MOTION MOVED BY HON CHAN HAN-PAN ON ""DEVELOPING A NEW NORTH LANTAU"" AS AMENDED BY HON RONNY TONG / HON TONY TSE / HON ALICE MAK / HON YIU SI-WING/ DR HON KWOK KA-KI"	21:08:46	06/02/2013	CHAN Han-pan	Member	由陳恒鑌議員動議，經湯家驊議員／謝偉銓議員／麥美娟議員／姚思榮議員／郭家麒議員修正的「建設新北大嶼山」議案	[u'3']
Yes	王國興	"AMENDMENT BY HON WONG KWOK-HING TO HON STARRY LEE'S MOTION ON ""ACTIVELY PROMOTING FAMILY-FRIENDLY POLICIES"""	18:10:28	05/06/2013	WONG Kwok-hing	Member	王國興議員對李慧琼議員的「積極推動家庭友善政策」議案作出的修正案	[u'2']
Yes	馮檢基	"MOTION ON ""RAISING THE MINIMUM WAGE LEVEL TO $33 OR ABOVE PER HOUR"""	17:53:59	31/10/2012	Frederick FUNG	Member	「調升最低工資水平至時薪33元或以上」議案	[u'4']
Yes	梁國雄	"MOTION ON ""BUYING BACK THE SHARES OF THE LINK"""	18:18:12	21/11/2012	LEUNG Kwok-hung	Member	「回購領匯股份」議案	[u'4']
Yes	馮檢基	"AMENDMENT BY HON FREDERICK FUNG TO HON MICHAEL TIEN'S MOTION ON ""EXECUTIVE COUNCIL AS GATE-KEEPER FOR MTR FARES"""	10:49:03	06/12/2012	Frederick FUNG	Member	馮檢基議員對田北辰議員的「港鐵票價，行會把關」議案作出的修正案	[u'4']
Yes	謝偉銓	"AMENDMENT BY HON TONY TSE TO HON CHRISTOPHER CHUNG'S MOTION ON ""CONCERN ABOUT THE EXPENDITURE OF THE WEST KOWLOON CULTURAL DISTRICT PROJECT"""	17:28:13	27/06/2013	Tony TSE	Member	謝偉銓議員對鍾樹根議員的「關注西九文化區計劃開支」議案作出的修正案	[u'2']
Yes	馮檢基	"AMENDMENT BY HON FREDERICK FUNG TO HON CHEUNG KWOK-CHE'S MOTION ON ""LEGISLATING FOR THE REGULATION OF WORKING HOURS"""	12:40:43	18/10/2012	Frederick FUNG	Member	馮檢基議員對張國柱議員的「立法規管工時」議案作出的修正案	[u'4']
Yes	陳志全	"AMENDMENT BY HON CHAN CHI-CHUEN TO HON CYD HO'S MOTION ON ""EQUAL RIGHTS FOR PEOPLE OF DIFFERENT SEXUAL ORIENTATIONS"""	17:47:14	07/11/2012	CHAN Chi-chuen	Member	陳志全議員對何秀蘭議員的「同志平權」議案作出的修正案	[u'4']
Yes	田北俊	"AMENDMENT BY HON JAMES TIEN TO HON EMILY LAU'S MOTION ON ""NORTH EAST NEW TERRITORIES NEW DEVELOPMENT AREAS PLANNING AND ENGINEERING STUDY"""	19:13:19	24/10/2012	James TIEN	Member	田北俊議員對劉慧卿議員的「新界東北新發展區規劃及工程研究」議案作出的修正案	[u'4']
Yes	張華峰	"AMENDMENT BY HON CHRISTOPHER CHEUNG TO HON SIN CHUNG-KAI'S MOTION ON ""FACING UP TO THE ASPIRATIONS OF THE PEOPLE PARTICIPATING IN THE MARCH ON 1 JULY"""	19:29:43	03/07/2013	Christopher CHEUNG	Member	張華峰議員對單仲偕議員的「正視七一遊行市民的訴求」議案作出的修正案	[u'2']
Yes	郭家麒	"AMENDMENT BY DR HON KWOK KA-KI TO HON TANG KA-PIU'S MOTION ON ""COMPREHENSIVELY REVIEWING THE MANDATORY PROVIDENT FUND SCHEME"""	14:40:14	10/01/2013	Dr KWOK Ka-ki	Member	郭家麒議員對鄧家彪議員的「全面檢討強制性公積金計劃」議案作出的修正案	[u'4']
Yes	李國麟	"AMENDMENT BY DR HON JOSEPH LEE TO HON ALICE MAK'S MOTION ON ""DRUG FORMULARY AND DRUGS SUBSIDY SYSTEM"" AS AMENDED BY DR HON LEUNG KA-LAU"	11:43:07	23/05/2013	Dr Joseph LEE	Member	李國麟議員對麥美娟議員就「《藥物名冊》及藥物資助制度」所提，經梁家騮議員修正的議案，作出的修正案	[u'3']
Yes	黃毓民	"AMENDMENT BY HON WONG YUK-MAN TO HON ALAN LEONG'S MOTION ON ""DEMOCRATIC PROCEDURES FOR THE ELECTION OF THE CHIEF EXECUTIVE BY UNIVERSAL SUFFRAGE IN 2017"""	21:35:05	29/05/2013	WONG Yuk-man	Member	黃毓民議員對梁家傑議員的「2017年行政長官普選的民主程序」議案作出的修正案	[u'3']
Yes	郭榮鏗	AIR POLLUTION CONTROL (AMENDMENT) BILL 2013 - COMMITTEE STAGE - AMENDMENT TO CLAUSE 5	20:34:12	10/07/2013	Dennis KWOK	Member	《2013年空氣污染管制（修訂）條例草案》－ 全體委員會審議階段 － 修正第5條	[u'2']
Yes	何俊仁	"AMENDMENT BY HON ALBERT HO TO DR HON LEUNG KA-LAU'S MOTION ON ""DISSOLVING THE HOSPITAL AUTHORITY"""	12:55:22	18/07/2013	Albert HO	Member	何俊仁議員對梁家騮議員的「解散醫院管理局」議案作出的修正案	[u'2']
Yes	葉建源	"AMENDMENT BY HON IP KIN-YUEN TO HON CHAN HAK-KAN'S MOTION ON ""CARING ABOUT THE EDUCATION, EMPLOYMENT, HOUSING, HOME ACQUISITION AND BUSINESS START-UP PROBLEMS FACED BY YOUNG PEOPLE"" AS AMENDED BY HON CHAN YUEN-HAN / DR HON KENNETH CHAN"	20:47:03	28/11/2012	IP Kin-yuen	Member	葉建源議員對陳克勤議員就「關注青年人面對的學業、就業、住屋置業和創業問題」所提，經陳婉嫻議員／陳家洛議員修正的議案，作出的修正案	[u'5']
Yes	張國柱	AMENDMENT BY HON CHEUNG KWOK-CHE TO HON ANDREW LEUNG'S MOTION OF THANKS	21:30:30	01/02/2013	CHEUNG Kwok-che	Member	張國柱議員對梁君彥議員的致謝議案作出的修正案	[u'4']
Yes	張超雄	"AMENDMENT BY DR HON FERNANDO CHEUNG TO DR HON ELIZABETH QUAT'S MOTION ON ""ASSISTING THE MIDDLE CLASS"""	19:46:13	23/01/2013	Dr Fernando CHEUNG	Member	張超雄議員對葛珮帆議員的「幫助中產」議案作出的修正案	[u'4']
Yes	劉慧卿	"AMENDMENT BY HON EMILY LAU TO HON RONNY TONG'S MOTION ON ""IMPLEMENTING DUAL UNIVERSAL SUFFRAGE"""	20:39:47	20/02/2013	Emily LAU	Member	劉慧卿議員對湯家驊議員的「落實雙普選」議案作出的修正案	[u'4']
Yes	李國麟	"AMENDMENT BY DR HON JOSEPH LEE TO DR HON HELENA WONG'S MOTION ON ""REGULATING BEAUTY INDUSTRY"""	21:26:40	31/10/2012	Dr Joseph LEE	Member	李國麟議員對黃碧雲議員的「監管美容業」議案作出的修正案	[u'5']
Yes	譚耀宗	"AMENDMENT BY HON TAM YIU-CHUNG TO HON CHAN YUEN-HAN'S MOTION ON ""ALLEVIATING POVERTY"" AS AMENDED BY HON FREDERICK FUNG"	23:25:57	14/11/2012	TAM Yiu-chung	Member	譚耀宗議員對陳婉嫻議員就「紓解貧窮」所提，經馮檢基議員修正的議案，作出的修正案	[u'5']
Yes	梁家傑	"AMENDMENT BY HON ALAN LEONG TO HON WONG KWOK-KIN'S MOTION ON ""IMPLEMENTING THE KAI TAK PLANNING TO DOVETAIL WITH KOWLOON EAST DEVELOPMENT"" AS AMENDED BY HON FREDERICK FUNG / HON CHAN KAM-LAM / HON FRANKIE YICK / HON WU CHI-WAI"	23:39:31	20/03/2013	Alan LEONG	Member	梁家傑議員對黃國健議員就「落實啟德規劃，配合九龍東發展」所提，經馮檢基議員／陳鑑林議員／易志明議員／胡志偉議員修正的議案，作出的修正案	[u'4']
Yes	李慧琼	"AMENDMENT BY HON STARRY LEE TO HON MRS REGINA IP'S MOTION ON ""REVIVING THE QUALITY OF LOCAL EDUCATION AND STOPPING THE BLIND INDUSTRIALIZATION OF EDUCATION"" AS AMENDED BY HON CLAUDIA MO"	14:02:20	20/12/2012	Starry LEE	Member	李慧琼議員對葉劉淑儀議員就「重振本地教育質素，停止教育盲目產業化」所提，經毛孟靜議員修正的議案，作出的修正案	[u'4']
Yes	王國興	"AMENDMENT BY HON WONG KWOK-HING TO HON VINCENT FANG'S MOTION ON ""INCREASING THE BUSINESS FLOOR AREAS OF THE RETAIL INDUSTRY"""	0:33:25	07/02/2013	WONG Kwok-hing	Member	王國興議員對方剛議員的「增加零售業經營面積」議案作出的修正案	[u'4']
Yes	黃碧雲	"AMENDMENT BY DR HON HELENA WONG TO HON STARRY LEE'S MOTION ON ""ACTIVELY PROMOTING FAMILY-FRIENDLY POLICIES"" AS AMENDED BY HON WONG KWOK-HING"	18:12:43	05/06/2013	Dr Helena WONG	Member	黃碧雲議員對李慧琼議員就「積極推動家庭友善政策」所提，經王國興議員修正的議案，作出的修正案	[u'3']
Yes	張超雄	"AMENDMENT BY DR HON FERNANDO CHEUNG TO HON LEUNG YIU-CHUNG'S MOTION ON ""BUILDING AN INCLUSIVE SOCIETY FOR ALL"""	21:45:24	21/11/2012	Dr Fernando CHEUNG	Member	張超雄議員對梁耀忠議員的「締造傷健共融社會」議案作出的修正案	[u'5']
Yes	胡志偉	"AMENDMENT BY HON WU CHI-WAI TO HON MICHAEL TIEN'S MOTION ON ""EXECUTIVE COUNCIL AS GATE-KEEPER FOR MTR FARES"""	10:51:14	06/12/2012	WU Chi-wai	Member	胡志偉議員對田北辰議員的「港鐵票價，行會把關」議案作出的修正案	[u'5']
Yes	郭偉強	"AMENDMENT BY HON KWOK WAI-KEUNG TO HON CHEUNG KWOK-CHE'S MOTION ON ""LEGISLATING FOR THE REGULATION OF WORKING HOURS"""	12:43:46	18/10/2012	KWOK Wai-keung	Member	郭偉強議員對張國柱議員的「立法規管工時」議案作出的修正案	[u'5']
Yes	何秀蘭	"MOTION ON ""EQUAL RIGHTS FOR PEOPLE OF DIFFERENT SEXUAL ORIENTATIONS"""	17:54:12	07/11/2012	Cyd HO	Member	「同志平權」議案	[u'5']
Yes	石禮謙	"AMENDMENT BY HON ABRAHAM SHEK TO HON EMILY LAU'S MOTION ON ""NORTH EAST NEW TERRITORIES NEW DEVELOPMENT AREAS PLANNING AND ENGINEERING STUDY"""	19:15:26	24/10/2012	Abraham SHEK	Member	石禮謙議員對劉慧卿議員的「新界東北新發展區規劃及工程研究」議案作出的修正案	[u'5']
Yes	張超雄	"AMENDMENT BY DR HON FERNANDO CHEUNG TO HON ALICE MAK'S MOTION ON ""DRUG FORMULARY AND DRUGS SUBSIDY SYSTEM"" AS AMENDED BY DR HON LEUNG KA-LAU / DR HON JOSEPH LEE"	11:46:05	23/05/2013	Dr Fernando CHEUNG	Member	張超雄議員對麥美娟議員就「《藥物名冊》及藥物資助制度」所提，經梁家騮議員／李國麟議員修正的議案，作出的修正案	[u'4']
Yes	單仲偕	"MOTION ON ""FACING UP TO THE ASPIRATIONS OF THE PEOPLE PARTICIPATING IN THE MARCH ON 1 JULY"""	19:31:45	03/07/2013	SIN Chung-kai	Member	「正視七一遊行市民的訴求」議案	[u'3']
Yes	陳婉嫻	"AMENDMENT BY HON CHAN YUEN-HAN TO HON CHRISTOPHER CHUNG'S MOTION ON ""CONCERN ABOUT THE EXPENDITURE OF THE WEST KOWLOON CULTURAL DISTRICT PROJECT"" AS AMENDED BY HON TONY TSE"	17:31:37	27/06/2013	CHAN Yuen-han	Member	陳婉嫻議員對鍾樹根議員就「關注西九文化區計劃開支」所提，經謝偉銓議員修正的議案，作出的修正案	[u'3']
Yes	陳健波	"AMENDMENT BY HON CHAN KIN-POR TO HON TANG KA-PIU'S MOTION ON ""COMPREHENSIVELY REVIEWING THE MANDATORY PROVIDENT FUND SCHEME"""	14:42:47	10/01/2013	CHAN Kin-por	Member	陳健波議員對鄧家彪議員的「全面檢討強制性公積金計劃」議案作出的修正案	[u'5']
Yes	田北辰	"AMENDMENT BY HON MICHAEL TIEN TO HON ALAN LEONG'S MOTION ON ""DEMOCRATIC PROCEDURES FOR THE ELECTION OF THE CHIEF EXECUTIVE BY UNIVERSAL SUFFRAGE IN 2017"""	21:37:11	29/05/2013	Michael TIEN	Member	田北辰議員對梁家傑議員的「2017年行政長官普選的民主程序」議案作出的修正案	[u'4']
No	環境局局長	AIR POLLUTION CONTROL (AMENDMENT) BILL 2013 - THIRD READING	20:41:14	10/07/2013	Secretary for the Environment	Public Officer	《2013年空氣污染管制（修訂）條例草案》－ 三讀	[u'3']
Yes	梁家騮	"MOTION ON ""DISSOLVING THE HOSPITAL AUTHORITY"""	12:59:44	18/07/2013	Dr LEUNG Ka-lau	Member	「解散醫院管理局」議案	[u'3']
Yes	盧偉國	"AMENDMENT BY IR DR HON LO WAI-KWOK TO HON CLAUDIA MO'S MOTION ON ""DOMESTIC FREE TELEVISION PROGRAMME SERVICE LICENCE APPLICATIONS"""	11:20:28	29/11/2012	Ir Dr LO Wai-kwok	Member	盧偉國議員對毛孟靜議員的「本地免費電視節目服務牌照申請」議案作出的修正案	[u'6']
Yes	王國興	HON WONG KWOK-HING'S AMENDMENT TO HON LEE CHEUK-YAN'S AMENDMENT TO HON ANDREW LEUNG'S MOTION OF THANKS	21:32:53	01/02/2013	WONG Kwok-hing	Member	王國興議員就李卓人議員對梁君彥議員的致謝議案所提修正案，作出的修正案	[u'5']
Yes	單仲偕	"AMENDMENT BY HON SIN CHUNG-KAI TO DR HON ELIZABETH QUAT'S MOTION ON ""ASSISTING THE MIDDLE CLASS"""	19:48:15	23/01/2013	SIN Chung-kai	Member	單仲偕議員對葛珮帆議員的「幫助中產」議案作出的修正案	[u'5']
Yes	黃毓民	"AMENDMENT BY HON WONG YUK-MAN TO HON RONNY TONG'S MOTION ON ""IMPLEMENTING DUAL UNIVERSAL SUFFRAGE"""	20:41:47	20/02/2013	WONG Yuk-man	Member	黃毓民議員對湯家驊議員的「落實雙普選」議案作出的修正案	[u'5']
Yes	麥美娟	"AMENDMENT BY HON ALICE MAK TO DR HON HELENA WONG'S MOTION ON ""REGULATING BEAUTY INDUSTRY"""	21:29:33	31/10/2012	Alice MAK	Member	麥美娟議員對黃碧雲議員的「監管美容業」議案作出的修正案	[u'6']
Yes	何俊仁	"AMENDMENT BY HON ALBERT HO TO HON CHAN YUEN-HAN'S MOTION ON ""ALLEVIATING POVERTY"" AS AMENDED BY HON FREDERICK FUNG / HON TAM YIU-CHUNG"	23:29:13	14/11/2012	Albert HO	Member	何俊仁議員對陳婉嫻議員就「紓解貧窮」所提，經馮檢基議員／譚耀宗議員修正的議案，作出的修正案	[u'6']
Yes	范國威	"AMENDMENT BY HON GARY FAN TO HON MRS REGINA IP'S MOTION ON ""REVIVING THE QUALITY OF LOCAL EDUCATION AND STOPPING THE BLIND INDUSTRIALIZATION OF EDUCATION"" AS AMENDED BY HON CLAUDIA MO"	14:04:39	20/12/2012	Gary FAN	Member	范國威議員對葉劉淑儀議員就「重振本地教育質素，停止教育盲目產業化」所提，經毛孟靜議員修正的議案，作出的修正案	[u'5']
Yes	張國柱	"AMENDMENT BY HON CHEUNG KWOK-CHE TO HON STARRY LEE'S MOTION ON ""ACTIVELY PROMOTING FAMILY-FRIENDLY POLICIES"" AS AMENDED BY HON WONG KWOK-HING"	18:15:01	05/06/2013	CHEUNG Kwok-che	Member	張國柱議員對李慧琼議員就「積極推動家庭友善政策」所提，經王國興議員修正的議案，作出的修正案	[u'4']
Yes	鄧家彪	"AMENDMENT BY HON TANG KA-PIU TO HON MICHAEL TIEN'S MOTION ON ""EXECUTIVE COUNCIL AS GATE-KEEPER FOR MTR FARES"""	10:53:31	06/12/2012	TANG Ka-piu	Member	鄧家彪議員對田北辰議員的「港鐵票價，行會把關」議案作出的修正案	[u'6']
Yes	黃國健	"MOTION MOVED BY HON WONG KWOK-KIN ON ""IMPLEMENTING THE KAI TAK PLANNING TO DOVETAIL WITH KOWLOON EAST DEVELOPMENT"" AS AMENDED BY HON FREDERICK FUNG / HON CHAN KAM-LAM / HON FRANKIE YICK / HON WU CHI-WAI / DR HON LEUNG KA-LAU"	23:50:35	20/03/2013	WONG Kwok-kin	Member	由黃國健議員動議，經馮檢基議員／陳鑑林議員／易志明議員／胡志偉議員／梁家騮議員修正的「落實啟德規劃，配合九龍東發展」議案	[u'5']
Yes	田北辰	"AMENDMENT BY HON MICHAEL TIEN TO HON VINCENT FANG'S MOTION ON ""INCREASING THE BUSINESS FLOOR AREAS OF THE RETAIL INDUSTRY"" AS AMENDED BY HON WONG KWOK-HING / HON ALICE MAK / HON STARRY LEE / HON ALAN LEONG"	0:39:25	07/02/2013	Michael TIEN	Member	田北辰議員對方剛議員就「增加零售業經營面積」所提，經王國興議員／麥美娟議員／李慧琼議員／梁家傑議員修正的議案，作出的修正案	[u'5']
Yes	陳家洛	"AMENDMENT BY DR HON KENNETH CHAN TO HON IP KWOK-HIM'S MOTION ON ""FORMULATING A POPULATION POLICY"""	23:41:08	03/07/2013	Dr Kenneth CHAN	Member	陳家洛議員對葉國謙議員的「制訂人口政策」議案作出的修正案	[u'4']
Yes	單仲偕	"AMENDMENT BY HON SIN CHUNG-KAI TO HON CHEUNG KWOK-CHE'S MOTION ON ""LEGISLATING FOR THE REGULATION OF WORKING HOURS"""	12:45:55	18/10/2012	SIN Chung-kai	Member	單仲偕議員對張國柱議員的「立法規管工時」議案作出的修正案	[u'6']
Yes	李卓人	"AMENDMENT BY HON LEE CHEUK-YAN TO HON WONG KWOK-HING'S MOTION ON ""PERFECTING HOUSING POLICY AND RESOLVING PUBLIC HOUSING NEED"""	23:47:21	07/11/2012	LEE Cheuk-yan	Member	李卓人議員對王國興議員的「完善房屋政策，解決市民住屋需要」議案作出的修正案	[u'6']
Yes	范國威	"AMENDMENT BY HON GARY FAN TO HON EMILY LAU'S MOTION ON ""NORTH EAST NEW TERRITORIES NEW DEVELOPMENT AREAS PLANNING AND ENGINEERING STUDY"""	19:17:30	24/10/2012	Gary FAN	Member	范國威議員對劉慧卿議員的「新界東北新發展區規劃及工程研究」議案作出的修正案	[u'6']
Yes	麥美娟	"MOTION MOVED BY HON ALICE MAK ON ""DRUG FORMULARY AND DRUGS SUBSIDY SYSTEM"" AS AMENDED BY DR HON LEUNG KA-LAU / DR HON JOSEPH LEE"	11:49:05	23/05/2013	Alice MAK	Member	麥美娟議員動議，經梁家騮議員／李國麟議員修正的「《藥物名冊》及藥物資助制度」議案	[u'5']
Yes	何秀蘭	"AMENDMENT BY HON CYD HO TO HON CHRISTOPHER CHUNG'S MOTION ON ""CONCERN ABOUT THE EXPENDITURE OF THE WEST KOWLOON CULTURAL DISTRICT PROJECT"" AS AMENDED BY HON TONY TSE / DR HON PRISCILLA LEUNG"	17:35:45	27/06/2013	Cyd HO	Member	何秀蘭議員對鍾樹根議員就「關注西九文化區計劃開支」所提，經謝偉銓議員／梁美芬議員修正的議案，作出的修正案	[u'4']
Yes	盧偉國	"AMENDMENT BY IR DR HON LO WAI-KWOK TO HON KWOK WAI-KEUNG'S MOTION ON ""PROMOTING THE WASTE RECYCLING INDUSTRY TO CREATE EMPLOYMENT OPPORTUNITIES"""	15:54:34	11/07/2013	Ir Dr LO Wai-kwok	Member	盧偉國議員對郭偉強議員的「推動廢物循環再造業，創造就業機會」議案作出的修正案	[u'4']
Yes	鄧家彪	"MOTION ON ""COMPREHENSIVELY REVIEWING THE MANDATORY PROVIDENT FUND SCHEME"""	14:45:15	10/01/2013	TANG Ka-piu	Member	「全面檢討強制性公積金計劃」議案	[u'6']
Yes	何秀蘭	"AMENDMENT BY HON CYD HO TO HON ALAN LEONG'S MOTION ON ""DEMOCRATIC PROCEDURES FOR THE ELECTION OF THE CHIEF EXECUTIVE BY UNIVERSAL SUFFRAGE IN 2017"""	21:39:12	29/05/2013	Cyd HO	Member	何秀蘭議員對梁家傑議員的「2017年行政長官普選的民主程序」議案作出的修正案	[u'5']
Yes	莫乃光	"AMENDMENT BY HON CHARLES PETER MOK TO HON MA FUNG-KWOK'S MOTION ON ""FOLLOWING UP THE MATTER ON MR SNOWDEN'S DISCLOSURE OF THE UNITED STATES GOVERNMENT'S HACKING INTO THE COMPUTER SYSTEMS IN HONG KONG"""	16:09:22	18/07/2013	Charles Peter MOK	Member	莫乃光議員對馬逢國議員的「跟進斯諾登先生披露美國政府入侵本港電腦系統一事」議案作出的修正案	[u'4']
Yes	單仲偕	"AMENDMENT BY HON SIN CHUNG-KAI TO HON CLAUDIA MO'S MOTION ON ""DOMESTIC FREE TELEVISION PROGRAMME SERVICE LICENCE APPLICATIONS"" AS AMENDED BY IR DR HON LO WAI-KWOK"	11:23:55	29/11/2012	SIN Chung-kai	Member	單仲偕議員對毛孟靜議員就「本地免費電視節目服務牌照申請」所提，經盧偉國議員修正的議案，作出的修正案	[u'7']
Yes	李卓人	AMENDMENT BY HON LEE CHEUK-YAN TO HON ANDREW LEUNG'S MOTION OF THANKS	21:35:04	01/02/2013	LEE Cheuk-yan	Member	李卓人議員對梁君彥議員的致謝議案作出的修正案	[u'6']
Yes	易志明	"AMENDMENT BY HON FRANKIE YICK TO HON JAMES TIEN'S MOTION ON ""OPTIMIZING THE COMPREHENSIVE SOCIAL SECURITY ASSISTANCE FOR THE UNEMPLOYED"""	16:35:10	24/01/2013	Frankie YICK	Member	易志明議員對田北俊議員的「優化失業綜援」議案作出的修正案	[u'6']
Yes	郭家麒	"AMENDMENT BY DR HON KWOK KA-KI TO HON RONNY TONG'S MOTION ON ""IMPLEMENTING DUAL UNIVERSAL SUFFRAGE"""	20:43:51	20/02/2013	Dr KWOK Ka-ki	Member	郭家麒議員對湯家驊議員的「落實雙普選」議案作出的修正案	[u'6']
Yes	郭家麒	"AMENDMENT BY DR HON KWOK KA-KI TO DR HON HELENA WONG'S MOTION ON ""REGULATING BEAUTY INDUSTRY"""	21:31:39	31/10/2012	Dr KWOK Ka-ki	Member	郭家麒議員對黃碧雲議員的「監管美容業」議案作出的修正案	[u'7']
Yes	梁家傑	"AMENDMENT BY HON ALAN LEONG TO HON CHAN YUEN-HAN'S MOTION ON ""ALLEVIATING POVERTY"" AS AMENDED BY HON FREDERICK FUNG / HON TAM YIU-CHUNG / HON ALBERT HO"	23:31:46	14/11/2012	Alan LEONG	Member	梁家傑議員對陳婉嫻議員就「紓解貧窮」所提，經馮檢基議員／譚耀宗議員／何俊仁議員修正的議案，作出的修正案	[u'7']
Yes	黃碧雲	"AMENDMENT BY DR HON HELENA WONG TO HON MRS REGINA IP'S MOTION ON ""REVIVING THE QUALITY OF LOCAL EDUCATION AND STOPPING THE BLIND INDUSTRIALIZATION OF EDUCATION"" AS AMENDED BY HON CLAUDIA MO"	14:06:58	20/12/2012	Dr Helena WONG	Member	黃碧雲議員對葉劉淑儀議員就「重振本地教育質素，停止教育盲目產業化」所提，經毛孟靜議員修正的議案，作出的修正案	[u'6']
Yes	范國威	"AMENDMENT BY HON GARY FAN TO HON VINCENT FANG'S MOTION ON ""INCREASING THE BUSINESS FLOOR AREAS OF THE RETAIL INDUSTRY"" AS AMENDED BY HON WONG KWOK-HING / HON ALICE MAK / HON STARRY LEE / HON ALAN LEONG"	0:41:55	07/02/2013	Gary FAN	Member	范國威議員對方剛議員就「增加零售業經營面積」所提，經王國興議員／麥美娟議員／李慧琼議員／梁家傑議員修正的議案，作出的修正案	[u'6']
Yes	毛孟靜	"AMENDMENT BY HON CLAUDIA MO TO HON STARRY LEE'S MOTION ON ""ACTIVELY PROMOTING FAMILY-FRIENDLY POLICIES"" AS AMENDED BY HON WONG KWOK-HING / HON CHEUNG KWOK-CHE"	18:17:21	05/06/2013	Claudia MO	Member	毛孟靜議員對李慧琼議員就「積極推動家庭友善政策」所提，經王國興議員／張國柱議員修正的議案，作出的修正案	[u'5']
Yes	易志明	"AMENDMENT BY HON FRANKIE YICK TO HON MICHAEL TIEN'S MOTION ON ""EXECUTIVE COUNCIL AS GATE-KEEPER FOR MTR FARES"""	10:55:38	06/12/2012	Frankie YICK	Member	易志明議員對田北辰議員的「港鐵票價，行會把關」議案作出的修正案	[u'7']
Yes	梁志祥	"AMENDMENT BY HON LEUNG CHE-CHEUNG TO HON WONG KWOK-HING'S MOTION ON ""PERFECTING HOUSING POLICY AND RESOLVING PUBLIC HOUSING NEED"""	23:50:18	07/11/2012	LEUNG Che-cheung	Member	梁志祥議員對王國興議員的「完善房屋政策，解決市民住屋需要」議案作出的修正案	[u'7']
Yes	劉慧卿	"MOTION ON ""NORTH EAST NEW TERRITORIES NEW DEVELOPMENT AREAS PLANNING AND ENGINEERING STUDY"""	19:23:17	24/10/2012	Emily LAU	Member	「新界東北新發展區規劃及工程研究」議案	[u'7']
Yes	涂謹申	"AMENDMENT BY HON JAMES TO TO HON IP KWOK-HIM'S MOTION ON ""FORMULATING A POPULATION POLICY"" AS AMENDED BY DR HON KENNETH CHAN"	23:44:27	03/07/2013	James TO	Member	涂謹申議員對葉國謙議員就「制訂人口政策」所提，經陳家洛議員修正的議案，作出的修正案	[u'5']
Yes	梁國雄	APPROPRIATION BILL 2013 - COMMITTEE STAGE - AMENDMENT TO HEAD 21 (VOTE NO. 1)	14:38:51	14/05/2013	LEUNG Kwok-hung	Member	《2013年撥款條例草案》－ 全體委員會審議階段 － 總目21的修正案 （表決編號1）	[u'1']
Yes	蔣麗芸	"AMENDMENT BY DR HON CHIANG LAI-WAN TO HON CHEUNG KWOK-CHE'S MOTION ON ""LEGISLATING FOR THE REGULATION OF WORKING HOURS"""	12:49:30	18/10/2012	Dr CHIANG Lai-wan	Member	蔣麗芸議員對張國柱議員的「立法規管工時」議案作出的修正案	[u'7']
Yes	鄧家彪	"AMENDMENT BY HON TANG KA-PIU TO HON JEFFREY LAM'S MOTION ON ""MAINTAINING A BUSINESS-FRIENDLY ENVIRONMENT IN HONG KONG"""	16:53:00	23/05/2013	TANG Ka-piu	Member	鄧家彪議員對林健鋒議員的「維持本港有利營商環境」議案作出的修正案	[u'6']
Yes	莫乃光	"AMENDMENT BY HON CHARLES PETER MOK TO HON CHRISTOPHER CHUNG'S MOTION ON ""CONCERN ABOUT THE EXPENDITURE OF THE WEST KOWLOON CULTURAL DISTRICT PROJECT"" AS AMENDED BY HON TONY TSE / DR HON PRISCILLA LEUNG / HON CYD HO"	17:38:11	27/06/2013	Charles Peter MOK	Member	莫乃光議員對鍾樹根議員就「關注西九文化區計劃開支」所提，經謝偉銓議員／梁美芬議員／何秀蘭議員修正的議案，作出的修正案	[u'5']
Yes	范國威	"AMENDMENT BY HON GARY FAN TO HON KWOK WAI-KEUNG'S MOTION ON ""PROMOTING THE WASTE RECYCLING INDUSTRY TO CREATE EMPLOYMENT OPPORTUNITIES"" AS AMENDED BY IR DR HON LO WAI-KWOK / DR HON KENNETH CHAN"	15:58:30	11/07/2013	Gary FAN	Member	范國威議員對郭偉強議員就「推動廢物循環再造業，創造就業機會」所提，經盧偉國議員／陳家洛議員修正的議案，作出的修正案	[u'5']
Yes	張超雄	AMENDMENT BY DR HON FERNANDO CHEUNG TO HON ANDREW LEUNG'S MOTION OF THANKS	21:37:15	01/02/2013	Dr Fernando CHEUNG	Member	張超雄議員對梁君彥議員的致謝議案作出的修正案	[u'7']
Yes	譚耀宗	"HON TAM YIU-CHUNG'S AMENDMENT TO IR DR HON LO WAI-KWOK'S AMENDMENT TO HON DENNIS KWOK'S MOTION ON ""SAFEGUARDING THE RULE OF LAW AND JUDICIAL INDEPENDENCE"""	18:21:32	10/01/2013	TAM Yiu-chung	Member	譚耀宗議員就盧偉國議員對郭榮鏗議員的「捍衞法治和司法獨立」議案所提修正案，作出的修正案	[u'7']
Yes	梁家傑	"MOTION ON ""DEMOCRATIC PROCEDURES FOR THE ELECTION OF THE CHIEF EXECUTIVE BY UNIVERSAL SUFFRAGE IN 2017"""	21:43:11	29/05/2013	Alan LEONG	Member	「2017年行政長官普選的民主程序」議案	[u'6']
Yes	湯家驊	"AMENDMENT BY HON RONNY TONG TO HON MA FUNG-KWOK'S MOTION ON ""FOLLOWING UP THE MATTER ON MR SNOWDEN'S DISCLOSURE OF THE UNITED STATES GOVERNMENT'S HACKING INTO THE COMPUTER SYSTEMS IN HONG KONG"""	16:12:18	18/07/2013	Ronny TONG	Member	湯家驊議員對馬逢國議員的「跟進斯諾登先生披露美國政府入侵本港電腦系統一事」議案作出的修正案	[u'5']
Yes	劉慧卿	"AMENDMENT BY HON EMILY LAU TO HON CLAUDIA MO'S MOTION ON ""DOMESTIC FREE TELEVISION PROGRAMME SERVICE LICENCE APPLICATIONS"" AS AMENDED BY IR DR HON LO WAI-KWOK"	11:26:40	29/11/2012	Emily LAU	Member	劉慧卿議員對毛孟靜議員就「本地免費電視節目服務牌照申請」所提，經盧偉國議員修正的議案，作出的修正案	[u'8']
Yes	張超雄	"AMENDMENT BY DR HON FERNANDO CHEUNG TO HON JAMES TIEN'S MOTION ON ""OPTIMIZING THE COMPREHENSIVE SOCIAL SECURITY ASSISTANCE FOR THE UNEMPLOYED"""	16:38:12	24/01/2013	Dr Fernando CHEUNG	Member	張超雄議員對田北俊議員的「優化失業綜援」議案作出的修正案	[u'7']
Yes	陳恒鑌	"AMENDMENT BY HON CHAN HAN-PAN TO DR HON HELENA WONG'S MOTION ON ""REGULATING BEAUTY INDUSTRY"""	21:33:45	31/10/2012	CHAN Han-pan	Member	陳恒鑌議員對黃碧雲議員的「監管美容業」議案作出的修正案	[u'8']
Yes	陳偉業	"AMENDMENT BY HON ALBERT CHAN TO HON CHAN YUEN-HAN'S MOTION ON ""ALLEVIATING POVERTY"" AS AMENDED BY HON FREDERICK FUNG / HON TAM YIU-CHUNG / HON  ALBERT HO"	23:34:29	14/11/2012	Albert CHAN	Member	陳偉業議員對陳婉嫻議員就「紓解貧窮」所提，經馮檢基議員／譚耀宗議員／何俊仁議員修正的議案，作出的修正案	[u'8']
Yes	葉建源	"AMENDMENT BY HON IP KIN-YUEN TO HON MRS REGINA IP'S MOTION ON ""REVIVING THE QUALITY OF LOCAL EDUCATION AND STOPPING THE BLIND INDUSTRIALIZATION OF EDUCATION"" AS AMENDED BY HON CLAUDIA MO / DR HON HELENA WONG"	14:09:23	20/12/2012	IP Kin-yuen	Member	葉建源議員對葉劉淑儀議員就「重振本地教育質素，停止教育盲目產業化」所提，經毛孟靜議員／黃碧雲議員修正的議案，作出的修正案	[u'7']
Yes	湯家驊	"MOTION ON ""IMPLEMENTING DUAL UNIVERSAL SUFFRAGE"""	20:45:53	20/02/2013	Ronny TONG	Member	「落實雙普選」議案	[u'7']
Yes	李慧琼	"MOTION MOVED BY HON STARRY LEE ON ""ACTIVELY PROMOTING FAMILY-FRIENDLY POLICIES"" AS AMENDED BY HON WONG KWOK-HING / HON CHEUNG KWOK-CHE / HON CLAUDIA MO"	18:19:49	05/06/2013	Starry LEE	Member	李慧琼議員動議，經王國興議員／張國柱議員／毛孟靜議員修正的「積極推動家庭友善政策」議案	[u'6']
Yes	陳鑑林	"AMENDMENT BY HON CHAN KAM-LAM TO HON MICHAEL TIEN'S MOTION ON ""EXECUTIVE COUNCIL AS GATE-KEEPER FOR MTR FARES"""	10:57:43	06/12/2012	CHAN Kam-lam	Member	陳鑑林議員對田北辰議員的「港鐵票價，行會把關」議案作出的修正案	[u'8']
Yes	范國威	"AMENDMENT BY HON GARY FAN TO HON WONG KWOK-HING'S MOTION ON ""PERFECTING HOUSING POLICY AND RESOLVING PUBLIC HOUSING NEED"""	23:52:26	07/11/2012	Gary FAN	Member	范國威議員對王國興議員的「完善房屋政策，解決市民住屋需要」議案作出的修正案	[u'8']
Yes	譚耀宗	"AMENDMENT BY HON TAM YIU-CHUNG TO DR HON FERNANDO CHEUNG'S MOTION ON ""UNIVERSAL RETIREMENT PROTECTION SYSTEM"""	11:51:58	25/10/2012	TAM Yiu-chung	Member	譚耀宗議員對張超雄議員的「全民退休保障制度」議案作出的修正案	[u'8']
Yes	毛孟靜	"AMENDMENT BY HON CLAUDIA MO TO HON IP KWOK-HIM'S MOTION ON ""FORMULATING A POPULATION POLICY"" AS AMENDED BY DR HON KENNETH CHAN"	23:46:48	03/07/2013	Claudia MO	Member	毛孟靜議員對葉國謙議員就「制訂人口政策」所提，經陳家洛議員修正的議案，作出的修正案	[u'6']
Yes	梁君彥	MOTION TO SHORTEN THE DIVISION BELL	14:45:27	14/05/2013	Andrew LEUNG	Member	動議縮短表決鐘聲	[u'2']
Yes	田北辰	"AMENDMENT BY HON MICHAEL TIEN TO HON CHEUNG KWOK-CHE'S MOTION ON ""LEGISLATING FOR THE REGULATION OF WORKING HOURS"""	12:51:35	18/10/2012	Michael TIEN	Member	田北辰議員對張國柱議員的「立法規管工時」議案作出的修正案	[u'8']
Yes	田北辰	"AMENDMENT BY HON MICHAEL TIEN TO HON JEFFREY LAM'S MOTION ON ""MAINTAINING A BUSINESS-FRIENDLY ENVIRONMENT IN HONG KONG"""	16:55:49	23/05/2013	Michael TIEN	Member	田北辰議員對林健鋒議員的「維持本港有利營商環境」議案作出的修正案	[u'7']
Yes	陳家洛	"AMENDMENT BY DR HON KENNETH CHAN TO DR HON LAM TAI-FAI'S MOTION ON ""ENHANCING THE OVERALL SUSTAINABLE COMPETITIVENESS OF HONG KONG"" AS AMENDED BY HON TANG KA-PIU / HON CHRISTOPHER CHEUNG / IR DR HON LO WAI-KWOK"	18:31:01	30/05/2013	Dr Kenneth CHAN	Member	陳家洛議員對林大輝議員就「提升香港整體持續競爭力」所提，經鄧家彪議員／張華峰議員／盧偉國議員修正的議案，作出的修正案	[u'7']
Yes	梁家傑	"AMENDMENT BY HON ALAN LEONG TO HON CHRISTOPHER CHUNG'S MOTION ON ""CONCERN ABOUT THE EXPENDITURE OF THE WEST KOWLOON CULTURAL DISTRICT PROJECT"" AS AMENDED BY HON TONY TSE / DR HON PRISCILLA LEUNG / HON CYD HO / HON CHARLES PETER MOK / HON MA FUNG-KWOK"	17:42:01	27/06/2013	Alan LEONG	Member	梁家傑議員對鍾樹根議員就「關注西九文化區計劃開支」所提，經謝偉銓議員／梁美芬議員／何秀蘭議員／莫乃光議員／馬逢國議員修正的議案，作出的修正案	[u'6']
Yes	李卓人	"HON LEE CHEUK-YAN'S AMENDMENT TO HON CYD HO'S AMENDMENT TO HON KWOK WAI-KEUNG'S MOTION ON ""PROMOTING THE WASTE RECYCLING INDUSTRY TO CREATE EMPLOYMENT OPPORTUNITIES"" AS AMENDED BY IR DR HON LO WAI-KWOK / DR HON KENNETH CHAN / HON GARY FAN"	16:01:18	11/07/2013	LEE Cheuk-yan	Member	李卓人議員就何秀蘭議員對郭偉強議員經盧偉國議員／陳家洛議員／范國威議員修正的「推動廢物循環再造業，創造就業機會」議案所提修正案，作出的修正案	[u'6']
Yes	盧偉國	"AMENDMENT BY IR DR HON LO WAI-KWOK TO HON DENNIS KWOK'S MOTION ON ""SAFEGUARDING THE RULE OF LAW AND JUDICIAL INDEPENDENCE"""	18:24:33	10/01/2013	Ir Dr LO Wai-kwok	Member	盧偉國議員對郭榮鏗議員的「捍衞法治和司法獨立」議案作出的修正案	[u'8']
Yes	單仲偕	"AMENDMENT BY HON SIN CHUNG-KAI TO HON MA FUNG-KWOK'S MOTION ON ""FOLLOWING UP THE MATTER ON MR SNOWDEN'S DISCLOSURE OF THE UNITED STATES GOVERNMENT'S HACKING INTO THE COMPUTER SYSTEMS IN HONG KONG"""	16:14:23	18/07/2013	SIN Chung-kai	Member	單仲偕議員對馬逢國議員的「跟進斯諾登先生披露美國政府入侵本港電腦系統一事」議案作出的修正案	[u'6']
Yes	梁君彥	MOTION OF THANKS	21:41:47	01/02/2013	Andrew LEUNG	Member	致謝議案	[u'8']
Yes	鄧家彪	"AMENDMENT BY HON TANG KA-PIU TO HON JAMES TIEN'S MOTION ON ""OPTIMIZING THE COMPREHENSIVE SOCIAL SECURITY ASSISTANCE FOR THE UNEMPLOYED"" AS AMENDED BY DR HON FERNANDO CHEUNG"	16:41:03	24/01/2013	TANG Ka-piu	Member	鄧家彪議員對田北俊議員就「優化失業綜援」所提，經張超雄議員修正的議案，作出的修正案	[u'8']
Yes	方剛	"AMENDMENT BY HON VINCENT FANG TO DR HON HELENA WONG'S MOTION ON ""REGULATING BEAUTY INDUSTRY"""	21:35:52	31/10/2012	Vincent FANG	Member	方剛議員對黃碧雲議員的「監管美容業」議案作出的修正案	[u'9']
Yes	陳婉嫻	"MOTION MOVED BY HON CHAN YUEN-HAN ON ""ALLEVIATING POVERTY"" AS AMENDED BY HON FREDERICK FUNG / HON TAM YIU-CHUNG / HON ALBERT HO"	23:36:59	14/11/2012	CHAN Yuen-han	Member	由陳婉嫻議員動議，經馮檢基議員／譚耀宗議員／何俊仁議員修正的「紓解貧窮」議案	[u'9']
Yes	莫乃光	"AMENDMENT BY HON CHARLES PETER MOK TO HON MRS REGINA IP'S MOTION ON ""REVIVING THE QUALITY OF LOCAL EDUCATION AND STOPPING THE BLIND INDUSTRIALIZATION OF EDUCATION"" AS AMENDED BY HON CLAUDIA MO / DR HON HELENA WONG / HON IP KIN-YUEN / HON MA FUNG-KWOK"	14:12:47	20/12/2012	Charles Peter MOK	Member	莫乃光議員對葉劉淑儀議員就「重振本地教育質素，停止教育盲目產業化」所提，經毛孟靜議員／黃碧雲議員／葉建源議員／馬逢國議員修正的議案，作出的修正案	[u'8']
Yes	李卓人	"AMENDMENT BY HON LEE CHEUK-YAN TO HON POON SIU-PING'S MOTION ON ""ENSURING OCCUPATIONAL SAFETY"""	15:40:44	21/02/2013	LEE Cheuk-yan	Member	李卓人議員對潘兆平議員的「保障職業安全」議案作出的修正案	[u'8']
Yes	鄧家彪	"AMENDMENT BY HON TANG KA-PIU TO HON LEE CHEUK-YAN'S MOTION ON ""ENACTING LEGISLATION ON THE RIGHT TO COLLECTIVE BARGAINING"""	22:12:29	05/06/2013	TANG Ka-piu	Member	鄧家彪議員對李卓人議員的「立法確立集體談判權」議案作出的修正案	[u'7']
Yes	田北辰	"MOTION MOVED BY HON MICHAEL TIEN ON ""EXECUTIVE COUNCIL AS GATE-KEEPER FOR MTR FARES"" AS AMENDED BY HON CHAN KAM-LAM"	11:01:24	06/12/2012	Michael TIEN	Member	由田北辰議員動議，經陳鑑林議員修正的「港鐵票價，行會把關」議案	[u'9']
Yes	田北辰	"AMENDMENT BY HON MICHAEL TIEN TO HON WONG KWOK-HING'S MOTION ON ""PERFECTING HOUSING POLICY AND RESOLVING PUBLIC HOUSING NEED"""	23:54:29	07/11/2012	Michael TIEN	Member	田北辰議員對王國興議員的「完善房屋政策，解決市民住屋需要」議案作出的修正案	[u'9']
Yes	王國興	"AMENDMENT BY HON WONG KWOK-HING TO DR HON FERNANDO CHEUNG'S MOTION ON ""UNIVERSAL RETIREMENT PROTECTION SYSTEM"""	11:54:51	25/10/2012	WONG Kwok-hing	Member	王國興議員對張超雄議員的「全民退休保障制度」議案作出的修正案	[u'9']
Yes	葉建源	"AMENDMENT BY HON IP KIN-YUEN TO HON IP KWOK-HIM'S MOTION ON ""FORMULATING A POPULATION POLICY"" AS AMENDED BY DR HON KENNETH CHAN"	23:49:04	03/07/2013	IP Kin-yuen	Member	葉建源議員對葉國謙議員就「制訂人口政策」所提，經陳家洛議員修正的議案，作出的修正案	[u'7']
Yes	陳志全	APPROPRIATION BILL 2013 - COMMITTEE STAGE - AMENDMENT TO HEAD 21 (VOTE NO. 2)	14:51:19	14/05/2013	CHAN Chi-chuen	Member	《2013年撥款條例草案》－ 全體委員會審議階段 － 總目21的修正案 （表決編號2）	[u'3']
Yes	梁繼昌	"AMENDMENT BY HON KENNETH LEUNG TO HON CHEUNG KWOK-CHE'S MOTION ON ""LEGISLATING FOR THE REGULATION OF WORKING HOURS"""	12:53:43	18/10/2012	Kenneth LEUNG	Member	梁繼昌議員對張國柱議員的「立法規管工時」議案作出的修正案	[u'9']
Yes	胡志偉	"AMENDMENT BY HON WU CHI-WAI TO HON JEFFREY LAM'S MOTION ON ""MAINTAINING A BUSINESS-FRIENDLY ENVIRONMENT IN HONG KONG"" AS AMENDED BY HON MICHAEL TIEN / HON IP KIN-YUEN"	16:59:08	23/05/2013	WU Chi-wai	Member	胡志偉議員對林健鋒議員就「維持本港有利營商環境」所提，經田北辰議員／葉建源議員修正的議案，作出的修正案	[u'8']
Yes	鍾樹根	"MOTION MOVED BY HON CHRISTOPHER CHUNG ON ""CONCERN ABOUT THE EXPENDITURE OF THE WEST KOWLOON CULTURAL DISTRICT PROJECT"" AS AMENDED BY HON TONY TSE/DR HON PRISCILLA LEUNG/HON CYD HO/HON CHARLES PETER MOK/HON MA FUNG-KWOK/HON ALAN LEONG/HON CLAUDIA MO/HON EMILY LAU"	17:47:24	27/06/2013	Christopher CHUNG	Member	鍾樹根議員動議，經謝偉銓議員／梁美芬議員／何秀蘭議員／莫乃光議員／馬逢國議員／梁家傑議員／毛孟靜議員／劉慧卿議員修正的「關注西九文化區計劃開支」議案	[u'7']
Yes	葉國謙	"AMENDMENT BY HON IP KWOK-HIM TO HON DENNIS KWOK'S MOTION ON ""SAFEGUARDING THE RULE OF LAW AND JUDICIAL INDEPENDENCE"""	18:26:38	10/01/2013	IP Kwok-him	Member	葉國謙議員對郭榮鏗議員的「捍衞法治和司法獨立」議案作出的修正案	[u'9']
Yes	胡志偉	"AMENDMENT BY HON WU CHI-WAI TO DR HON LAM TAI-FAI'S MOTION ON ""ENHANCING THE OVERALL SUSTAINABLE COMPETITIVENESS OF HONG KONG"" AS AMENDED BY HON TANG KA-PIU / HON CHRISTOPHER CHEUNG / IR DR HON LO WAI-KWOK"	18:34:52	30/05/2013	WU Chi-wai	Member	胡志偉議員對林大輝議員就「提升香港整體持續競爭力」所提，經鄧家彪議員／張華峰議員／盧偉國議員修正的議案，作出的修正案	[u'8']
Yes	何秀蘭	"AMENDMENT BY HON CYD HO TO HON KWOK WAI-KEUNG'S MOTION ON ""PROMOTING THE WASTE RECYCLING INDUSTRY TO CREATE EMPLOYMENT OPPORTUNITIES"" AS AMENDED BY IR DR HON LO WAI-KWOK / DR HON KENNETH CHAN / HON GARY FAN"	16:03:20	11/07/2013	Cyd HO	Member	何秀蘭議員對郭偉強議員就「推動廢物循環再造業，創造就業機會」所提，經盧偉國議員／陳家洛議員／范國威議員修正的議案，作出的修正案	[u'7']
Yes	馬逢國	"MOTION MOVED BY HON MA FUNG-KWOK ON ""FOLLOWING UP THE MATTER ON MR SNOWDEN'S DISCLOSURE OF THE UNITED STATES GOVERNMENT'S HACKING INTO THE COMPUTER SYSTEMS IN HONG KONG"" AS AMENDED BY HON SIN CHUNG-KAI"	16:17:54	18/07/2013	MA Fung-kwok	Member	馬逢國議員動議，經單仲偕議員修正的「跟進斯諾登先生披露美國政府入侵本港電腦系統一事」議案	[u'7']
Yes	陳志全	"AMENDMENT BY HON CHAN CHI-CHUEN TO DR HON HELENA WONG'S MOTION ON ""REGULATING BEAUTY INDUSTRY"""	21:37:55	31/10/2012	CHAN Chi-chuen	Member	陳志全議員對黃碧雲議員的「監管美容業」議案作出的修正案	[u'10']
Yes	梁君彥	MOTION TO SHORTEN DURATION OF DIVISION BELL	15:47:15	21/02/2013	Andrew LEUNG	Member	縮短點名表決響鐘時間的議案	[u'9']
Yes	鍾樹根	"AMENDMENT BY HON CHRISTOPHER CHUNG TO HON LEE CHEUK-YAN'S MOTION ON ""ENACTING LEGISLATION ON THE RIGHT TO COLLECTIVE BARGAINING"""	22:15:21	05/06/2013	Christopher CHUNG	Member	鍾樹根議員對李卓人議員的「立法確立集體談判權」議案作出的修正案	[u'8']
Yes	單仲偕	"AMENDMENT BY HON SIN CHUNG-KAI TO HON CHRISTOPHER CHEUNG'S MOTION ON ""SUPPORTING THE DEVELOPMENT OF THE SECURITIES INDUSTRY"" AS AMENDED BY HON WONG KWOK-HING / HON RONNY TONG"	13:48:36	06/12/2012	SIN Chung-kai	Member	單仲偕議員對張華峰議員就「支持證券業發展」所提，經王國興議員／湯家驊議員修正的議案，作出的修正案	[u'10']
Yes	謝偉俊	"AMENDMENT BY HON PAUL TSE TO HON MRS REGINA IP'S MOTION ON ""REVIVING THE QUALITY OF LOCAL EDUCATION AND STOPPING THE BLIND INDUSTRIALIZATION OF EDUCATION"" AS AMENDED BY HON CLAUDIA MO / DR HON HELENA WONG / HON IP KIN-YUEN / HON MA FUNG-KWOK"	14:15:11	20/12/2012	Paul TSE	Member	謝偉俊議員對葉劉淑儀議員就「重振本地教育質素，停止教育盲目產業化」所提，經毛孟靜議員／黃碧雲議員／葉建源議員／馬逢國議員修正的議案，作出的修正案	[u'9']
Yes	范國威	"AMENDMENT BY HON GARY FAN TO HON IP KWOK-HIM'S MOTION ON ""FORMULATING A POPULATION POLICY"" AS AMENDED BY DR HON KENNETH CHAN / HON IP KIN-YUEN"	23:51:31	03/07/2013	Gary FAN	Member	范國威議員對葉國謙議員就「制訂人口政策」所提，經陳家洛議員／葉建源議員修正的議案，作出的修正案	[u'8']
Yes	陳志全	APPROPRIATION BILL 2013 - COMMITTEE STAGE - AMENDMENT TO HEAD 21 (VOTE NO. 3)	14:53:17	14/05/2013	CHAN Chi-chuen	Member	《2013年撥款條例草案》－ 全體委員會審議階段 － 總目21的修正案 （表決編號3）	[u'4']
Yes	盧偉國	"AMENDMENT BY IR DR HON LO WAI-KWOK TO HON WONG KWOK-HING'S MOTION ON ""PERFECTING HOUSING POLICY AND RESOLVING PUBLIC HOUSING NEED"""	23:56:39	07/11/2012	Ir Dr LO Wai-kwok	Member	盧偉國議員對王國興議員的「完善房屋政策，解決市民住屋需要」議案作出的修正案	[u'10']
Yes	陳健波	"AMENDMENT BY HON CHAN KIN-POR TO DR HON FERNANDO CHEUNG'S MOTION ON ""UNIVERSAL RETIREMENT PROTECTION SYSTEM"""	11:57:03	25/10/2012	CHAN Kin-por	Member	陳健波議員對張超雄議員的「全民退休保障制度」議案作出的修正案	[u'10']
Yes	范國威	"AMENDMENT BY HON GARY FAN TO DR HON KENNETH CHAN'S MOTION ON ""ENHANCING THE QUALITY AND QUANTITY OF LOCAL TERTIARY EDUCATION"""	21:53:47	27/06/2013	Gary FAN	Member	范國威議員對陳家洛議員的「提升本港專上教育質量」議案作出的修正案	[u'8']
Yes	張國柱	"MOTION ON ""LEGISLATING FOR THE REGULATION OF WORKING HOURS"""	12:57:48	18/10/2012	CHEUNG Kwok-che	Member	「立法規管工時」議案	[u'10']
Yes	胡志偉	"AMENDMENT BY HON WU CHI-WAI TO HON KWOK WAI-KEUNG'S MOTION ON ""PROMOTING THE WASTE RECYCLING INDUSTRY TO CREATE EMPLOYMENT OPPORTUNITIES"" AS AMENDED BY IR DR HON LO WAI-KWOK / DR HON KENNETH CHAN / HON GARY FAN"	16:05:53	11/07/2013	WU Chi-wai	Member	胡志偉議員對郭偉強議員就「推動廢物循環再造業，創造就業機會」所提，經盧偉國議員／陳家洛議員／范國威議員修正的議案，作出的修正案	[u'8']
Yes	范國威	"AMENDMENT BY HON GARY FAN TO HON DENNIS KWOK'S MOTION ON ""SAFEGUARDING THE RULE OF LAW AND JUDICIAL INDEPENDENCE"""	18:28:40	10/01/2013	Gary FAN	Member	范國威議員對郭榮鏗議員的「捍衞法治和司法獨立」議案作出的修正案	[u'10']
Yes	湯家驊	"AMENDMENT BY HON RONNY TONG TO DR HON HELENA WONG'S MOTION ON ""REGULATING BEAUTY INDUSTRY"""	21:39:52	31/10/2012	Ronny TONG	Member	湯家驊議員對黃碧雲議員的「監管美容業」議案作出的修正案	[u'11']
Yes	廖長江	"AMENDMENT BY HON MARTIN LIAO TO HON CHRISTOPHER CHEUNG'S MOTION ON ""SUPPORTING THE DEVELOPMENT OF THE SECURITIES INDUSTRY"" AS AMENDED BY HON WONG KWOK-HING / HON RONNY TONG / HON SIN CHUNG-KAI / HON NG LEUNG-SING"	13:54:14	06/12/2012	Martin LIAO	Member	廖長江議員對張華峰議員就「支持證券業發展」所提，經王國興議員／湯家驊議員／單仲偕議員／吳亮星議員修正的議案，作出的修正案	[u'11']
Yes	鄧家彪	"AMENDMENT BY HON TANG KA-PIU TO HON POON SIU-PING'S MOTION ON ""ENSURING OCCUPATIONAL SAFETY"""	15:49:36	21/02/2013	TANG Ka-piu	Member	鄧家彪議員對潘兆平議員的「保障職業安全」議案作出的修正案	[u'10']
Yes	李卓人	"MOTION ON ""ENACTING LEGISLATION ON THE RIGHT TO COLLECTIVE BARGAINING"""	22:18:18	05/06/2013	LEE Cheuk-yan	Member	「立法確立集體談判權」議案	[u'9']
Yes	田北辰	"AMENDMENT BY HON MICHAEL TIEN TO DR HON FERNANDO CHEUNG'S MOTION ON ""UNIVERSAL RETIREMENT PROTECTION SYSTEM"""	11:59:33	25/10/2012	Michael TIEN	Member	田北辰議員對張超雄議員的「全民退休保障制度」議案作出的修正案	[u'11']
Yes	李慧琼	"AMENDMENT BY HON STARRY LEE TO DR HON KENNETH CHAN'S MOTION ON ""ENHANCING THE QUALITY AND QUANTITY OF LOCAL TERTIARY EDUCATION"""	21:56:38	27/06/2013	Starry LEE	Member	李慧琼議員對陳家洛議員的「提升本港專上教育質量」議案作出的修正案	[u'9']
Yes	黃毓民	APPROPRIATION BILL 2013 - COMMITTEE STAGE - AMENDMENT TO HEAD 21 (VOTE NO. 4)	14:55:52	14/05/2013	WONG Yuk-man	Member	《2013年撥款條例草案》－ 全體委員會審議階段 － 總目21的修正案 （表決編號4）	[u'5']
Yes	田北俊	"AMENDMENT BY HON JAMES TIEN TO HON WONG KWOK-HING'S MOTION ON ""PERFECTING HOUSING POLICY AND RESOLVING PUBLIC HOUSING NEED"""	23:58:46	07/11/2012	James TIEN	Member	田北俊議員對王國興議員的「完善房屋政策，解決市民住屋需要」議案作出的修正案	[u'11']
Yes	何秀蘭	"AMENDMENT BY HON CYD HO TO HON IP KWOK-HIM'S MOTION ON ""FORMULATING A POPULATION POLICY"" AS AMENDED BY DR HON KENNETH CHAN / HON IP KIN-YUEN"	23:53:56	03/07/2013	Cyd HO	Member	何秀蘭議員對葉國謙議員就「制訂人口政策」所提，經陳家洛議員／葉建源議員修正的議案，作出的修正案	[u'9']
Yes	張華峰	"AMENDMENT BY HON CHRISTOPHER CHEUNG TO HON ANDREW LEUNG'S MOTION ON ""IMPACT OF THE UNITED STATES' ENDING THE QUANTITATIVE EASING MEASURES"""	19:22:09	11/07/2013	Christopher CHEUNG	Member	張華峰議員對梁君彥議員的「美國結束量化寬鬆措施的影響」議案作出的修正案	[u'9']
Yes	郭榮鏗	"MOTION ON ""SAFEGUARDING THE RULE OF LAW AND JUDICIAL INDEPENDENCE"""	18:34:02	10/01/2013	Dennis KWOK	Member	「捍衞法治和司法獨立」議案	[u'11']
Yes	梁家騮	"AMENDMENT BY DR HON LEUNG KA-LAU TO DR HON HELENA WONG'S MOTION ON ""REGULATING BEAUTY INDUSTRY"""	21:42:01	31/10/2012	Dr LEUNG Ka-lau	Member	梁家騮議員對黃碧雲議員的「監管美容業」議案作出的修正案	[u'12']
Yes	單仲偕	"AMENDMENT BY HON SIN CHUNG-KAI TO HON POON SIU-PING'S MOTION ON ""ENSURING OCCUPATIONAL SAFETY"""	15:52:02	21/02/2013	SIN Chung-kai	Member	單仲偕議員對潘兆平議員的「保障職業安全」議案作出的修正案	[u'11']
Yes	毛孟靜	"AMENDMENT BY HON CLAUDIA MO TO HON CHARLES PETER MOK'S MOTION ON ""SAFEGUARDING FREEDOM OF INFORMATION, OF THE PRESS AND OF THE INTERNET"""	17:32:53	06/06/2013	Claudia MO	Member	毛孟靜議員對莫乃光議員的「捍衞資訊、新聞及網絡自由」議案作出的修正案	[u'10']
Yes	何俊仁	"AMENDMENT BY HON ALBERT HO TO DR HON FERNANDO CHEUNG'S MOTION ON ""UNIVERSAL RETIREMENT PROTECTION SYSTEM"""	12:01:36	25/10/2012	Albert HO	Member	何俊仁議員對張超雄議員的「全民退休保障制度」議案作出的修正案	[u'12']
Yes	梁繼昌	"AMENDMENT BY HON KENNETH LEUNG TO HON IP KWOK-HIM'S MOTION ON ""FORMULATING A POPULATION POLICY"" AS AMENDED BY DR HON KENNETH CHAN / HON IP KIN-YUEN"	23:56:15	03/07/2013	Kenneth LEUNG	Member	梁繼昌議員對葉國謙議員就「制訂人口政策」所提，經陳家洛議員／葉建源議員修正的議案，作出的修正案	[u'10']
Yes	郭偉強	"AMENDMENT BY HON KWOK WAI-KEUNG TO DR HON KENNETH CHAN'S MOTION ON ""ENHANCING THE QUALITY AND QUANTITY OF LOCAL TERTIARY EDUCATION"""	21:58:33	27/06/2013	KWOK Wai-keung	Member	郭偉強議員對陳家洛議員的「提升本港專上教育質量」議案作出的修正案	[u'10']
Yes	陳志全	APPROPRIATION BILL 2013 - COMMITTEE STAGE - AMENDMENT TO HEAD 21 (VOTE NO. 5)	14:57:47	14/05/2013	CHAN Chi-chuen	Member	《2013年撥款條例草案》－ 全體委員會審議階段 － 總目21的修正案 （表決編號5）	[u'6']
Yes	范國威	"AMENDMENT BY HON GARY FAN TO HON CHARLES PETER MOK'S MOTION ON ""SAFEGUARDING FREEDOM OF INFORMATION, OF THE PRESS AND OF THE INTERNET"""	17:35:54	06/06/2013	Gary FAN	Member	范國威議員對莫乃光議員的「捍衞資訊、新聞及網絡自由」議案作出的修正案	[u'11']
Yes	黃碧雲	"MOTION ON ""REGULATING BEAUTY INDUSTRY"""	21:47:04	31/10/2012	Dr Helena WONG	Member	「監管美容業」議案	[u'13']
Yes	范國威	"AMENDMENT BY HON GARY FAN TO DR HON FERNANDO CHEUNG'S MOTION ON ""UNIVERSAL RETIREMENT PROTECTION SYSTEM"""	12:03:51	25/10/2012	Gary FAN	Member	范國威議員對張超雄議員的「全民退休保障制度」議案作出的修正案	[u'13']
Yes	葉國謙	"MOTION MOVED BY HON IP KWOK-HIM ON ""FORMULATING A POPULATION POLICY"" AS AMENDED BY DR HON KENNETH CHAN / HON IP KIN-YUEN / HON KENNETH LEUNG"	0:00:26	04/07/2013	IP Kwok-him	Member	葉國謙議員動議，經陳家洛議員／葉建源議員／梁繼昌議員修正的「制訂人口政策」議案	[u'11']
Yes	田北辰	"AMENDMENT BY HON MICHAEL TIEN TO DR HON KENNETH CHAN'S MOTION ON ""ENHANCING THE QUALITY AND QUANTITY OF LOCAL TERTIARY EDUCATION"""	22:00:34	27/06/2013	Michael TIEN	Member	田北辰議員對陳家洛議員的「提升本港專上教育質量」議案作出的修正案	[u'11']
Yes	陳志全	APPROPRIATION BILL 2013 - COMMITTEE STAGE - AMENDMENT TO HEAD 21 (VOTE NO. 6)	15:01:50	14/05/2013	CHAN Chi-chuen	Member	《2013年撥款條例草案》－ 全體委員會審議階段 － 總目21的修正案 （表決編號6）	[u'7']
Yes	劉慧卿	"AMENDMENT BY HON EMILY LAU TO HON CHARLES PETER MOK'S MOTION ON ""SAFEGUARDING FREEDOM OF INFORMATION, OF THE PRESS AND OF THE INTERNET"""	17:37:55	06/06/2013	Emily LAU	Member	劉慧卿議員對莫乃光議員的「捍衞資訊、新聞及網絡自由」議案作出的修正案	[u'12']
Yes	張超雄	"MOTION ON ""UNIVERSAL RETIREMENT PROTECTION SYSTEM"""	12:11:49	25/10/2012	Dr Fernando CHEUNG	Member	「全民退休保障制度」議案	[u'14']
Yes	黃碧雲	"AMENDMENT BY DR HON HELENA WONG TO DR HON KENNETH CHAN'S MOTION ON ""ENHANCING THE QUALITY AND QUANTITY OF LOCAL TERTIARY EDUCATION"""	22:02:31	27/06/2013	Dr Helena WONG	Member	黃碧雲議員對陳家洛議員的「提升本港專上教育質量」議案作出的修正案	[u'12']
Yes	陳志全	APPROPRIATION BILL 2013 - COMMITTEE STAGE - AMENDMENT TO HEAD 21 (VOTE NO. 8)	15:04:13	14/05/2013	CHAN Chi-chuen	Member	《2013年撥款條例草案》－ 全體委員會審議階段 － 總目21的修正案 （表決編號8）	[u'8']
Yes	張超雄	"DR HON FERNANDO CHEUNG'S AMENDMENT TO DR HON ELIZABETH QUAT'S AMENDMENT TO HON CHARLES PETER MOK'S MOTION ON ""SAFEGUARDING FREEDOM OF INFORMATION, OF THE PRESS AND OF THE INTERNET"""	17:40:19	06/06/2013	Dr Fernando CHEUNG	Member	張超雄議員就葛珮帆議員對莫乃光議員的「捍衞資訊、新聞及網絡自由」議案所提修正案，作出的修正案	[u'13']
Yes	陳志全	"AMENDMENT BY HON CHAN CHI-CHUEN TO DR HON KENNETH CHAN'S MOTION ON ""ENHANCING THE QUALITY AND QUANTITY OF LOCAL TERTIARY EDUCATION"""	22:04:30	27/06/2013	CHAN Chi-chuen	Member	陳志全議員對陳家洛議員的「提升本港專上教育質量」議案作出的修正案	[u'13']
Yes	陳志全	APPROPRIATION BILL 2013 - COMMITTEE STAGE - AMENDMENT TO HEAD 21 (VOTE NO. 9)	15:06:02	14/05/2013	CHAN Chi-chuen	Member	《2013年撥款條例草案》－ 全體委員會審議階段 － 總目21的修正案 （表決編號9）	[u'9']
Yes	葛珮帆	"AMENDMENT BY DR HON ELIZABETH QUAT TO HON CHARLES PETER MOK'S MOTION ON ""SAFEGUARDING FREEDOM OF INFORMATION, OF THE PRESS AND OF THE INTERNET"""	17:42:12	06/06/2013	Dr Elizabeth QUAT	Member	葛珮帆議員對莫乃光議員的「捍衞資訊、新聞及網絡自由」議案作出的修正案	[u'14']
Yes	陳志全	APPROPRIATION BILL 2013 - COMMITTEE STAGE - AMENDMENT TO HEAD 53 (VOTE NO. 201)	11:05:19	15/05/2013	CHAN Chi-chuen	Member	《2013年撥款條例草案》－ 全體委員會審議階段 － 總目53的修正案 （表決編號201）	[u'180']
Yes	張超雄	"AMENDMENT BY DR HON FERNANDO CHEUNG TO DR HON KENNETH CHAN'S MOTION ON ""ENHANCING THE QUALITY AND QUANTITY OF LOCAL TERTIARY EDUCATION"""	22:06:25	27/06/2013	Dr Fernando CHEUNG	Member	張超雄議員對陳家洛議員的「提升本港專上教育質量」議案作出的修正案	[u'14']
Yes	陳志全	APPROPRIATION BILL 2013 - COMMITTEE STAGE - AMENDMENT TO HEAD 21 (VOTE NO. 10)	15:07:53	14/05/2013	CHAN Chi-chuen	Member	《2013年撥款條例草案》－ 全體委員會審議階段 － 總目21的修正案 （表決編號10）	[u'10']
Yes	何秀蘭	"AMENDMENT BY HON CYD HO TO HON CHARLES PETER MOK'S MOTION ON ""SAFEGUARDING FREEDOM OF INFORMATION, OF THE PRESS AND OF THE INTERNET"""	17:44:48	06/06/2013	Cyd HO	Member	何秀蘭議員對莫乃光議員的「捍衞資訊、新聞及網絡自由」議案作出的修正案	[u'15']
Yes	陳偉業	APPROPRIATION BILL 2013 - COMMITTEE STAGE - AMENDMENT TO HEAD 53 (VOTE NO. 202)	11:07:34	15/05/2013	Albert CHAN	Member	《2013年撥款條例草案》－ 全體委員會審議階段 － 總目53的修正案 （表決編號202）	[u'181']
Yes	陳志全	APPROPRIATION BILL 2013 - COMMITTEE STAGE - AMENDMENT TO HEAD 21 (VOTE NO. 11)	15:09:43	14/05/2013	CHAN Chi-chuen	Member	《2013年撥款條例草案》－ 全體委員會審議階段 － 總目21的修正案 （表決編號11）	[u'11']
Yes	陳家洛	"MOTION ON ""ENHANCING THE QUALITY AND QUANTITY OF LOCAL TERTIARY EDUCATION"""	22:08:21	27/06/2013	Dr Kenneth CHAN	Member	「提升本港專上教育質量」議案	[u'15']
Yes	莫乃光	"MOTION ON ""SAFEGUARDING FREEDOM OF INFORMATION, OF THE PRESS AND OF THE INTERNET"""	17:47:10	06/06/2013	Charles Peter MOK	Member	「捍衞資訊、新聞及網絡自由」議案	[u'16']
Yes	陳志全	APPROPRIATION BILL 2013 - COMMITTEE STAGE - AMENDMENT TO HEAD 21 (VOTE NO. 12)	15:11:33	14/05/2013	CHAN Chi-chuen	Member	《2013年撥款條例草案》－ 全體委員會審議階段 － 總目21的修正案 （表決編號12）	[u'12']
Yes	陳偉業	APPROPRIATION BILL 2013 - COMMITTEE STAGE - AMENDMENT TO HEAD 53 (VOTE NO. 203)	11:09:20	15/05/2013	Albert CHAN	Member	《2013年撥款條例草案》－ 全體委員會審議階段 － 總目53的修正案 （表決編號203）	[u'182']
Yes	陳志全	APPROPRIATION BILL 2013 - COMMITTEE STAGE - AMENDMENT TO HEAD 21 (VOTE NO. 13)	15:13:24	14/05/2013	CHAN Chi-chuen	Member	《2013年撥款條例草案》－ 全體委員會審議階段 － 總目21的修正案 （表決編號13）	[u'13']
Yes	陳志全	APPROPRIATION BILL 2013 - COMMITTEE STAGE - AMENDMENT TO HEAD 53 (VOTE NO. 204)	11:11:05	15/05/2013	CHAN Chi-chuen	Member	《2013年撥款條例草案》－ 全體委員會審議階段 － 總目53的修正案 （表決編號204）	[u'183']
Yes	陳志全	APPROPRIATION BILL 2013 - COMMITTEE STAGE - AMENDMENT TO HEAD 21 (VOTE NO. 14)	15:15:13	14/05/2013	CHAN Chi-chuen	Member	《2013年撥款條例草案》－ 全體委員會審議階段 － 總目21的修正案 （表決編號14）	[u'14']
Yes	梁國雄	APPROPRIATION BILL 2013 - COMMITTEE STAGE - AMENDMENT TO HEAD 53 (VOTE NO. 205)	11:13:05	15/05/2013	LEUNG Kwok-hung	Member	《2013年撥款條例草案》－ 全體委員會審議階段 － 總目53的修正案 （表決編號205）	[u'184']
Yes	陳志全	APPROPRIATION BILL 2013 - COMMITTEE STAGE - AMENDMENT TO HEAD 21 (VOTE NO. 15)	15:17:02	14/05/2013	CHAN Chi-chuen	Member	《2013年撥款條例草案》－ 全體委員會審議階段 － 總目21的修正案 （表決編號15）	[u'15']
Yes	陳志全	APPROPRIATION BILL 2013 - COMMITTEE STAGE - AMENDMENT TO HEAD 53 (VOTE NO. 206)	11:14:59	15/05/2013	CHAN Chi-chuen	Member	《2013年撥款條例草案》－ 全體委員會審議階段 － 總目53的修正案 （表決編號206）	[u'185']
Yes	梁國雄	APPROPRIATION BILL 2013 - COMMITTEE STAGE - AMENDMENT TO HEAD 53 (VOTE NO. 207)	11:16:49	15/05/2013	LEUNG Kwok-hung	Member	《2013年撥款條例草案》－ 全體委員會審議階段 － 總目53的修正案 （表決編號207）	[u'186']
Yes	陳志全	APPROPRIATION BILL 2013 - COMMITTEE STAGE - AMENDMENT TO HEAD 21 (VOTE NO. 16)	15:18:55	14/05/2013	CHAN Chi-chuen	Member	《2013年撥款條例草案》－ 全體委員會審議階段 － 總目21的修正案 （表決編號16）	[u'16']
Yes	陳志全	APPROPRIATION BILL 2013 - COMMITTEE STAGE - AMENDMENT TO HEAD 53 (VOTE NO. 208)	11:18:38	15/05/2013	CHAN Chi-chuen	Member	《2013年撥款條例草案》－ 全體委員會審議階段 － 總目53的修正案 （表決編號208）	[u'187']
Yes	陳志全	APPROPRIATION BILL 2013 - COMMITTEE STAGE - AMENDMENT TO HEAD 21 (VOTE NO. 17)	15:20:44	14/05/2013	CHAN Chi-chuen	Member	《2013年撥款條例草案》－ 全體委員會審議階段 － 總目21的修正案 （表決編號17）	[u'17']
Yes	陳志全	APPROPRIATION BILL 2013 - COMMITTEE STAGE - AMENDMENT TO HEAD 53 (VOTE NO. 209)	11:20:21	15/05/2013	CHAN Chi-chuen	Member	《2013年撥款條例草案》－ 全體委員會審議階段 － 總目53的修正案 （表決編號209）	[u'188']
Yes	陳志全	APPROPRIATION BILL 2013 - COMMITTEE STAGE - AMENDMENT TO HEAD 21 (VOTE NO. 18)	15:22:33	14/05/2013	CHAN Chi-chuen	Member	《2013年撥款條例草案》－ 全體委員會審議階段 － 總目21的修正案 （表決編號18）	[u'18']
Yes	陳偉業	APPROPRIATION BILL 2013 - COMMITTEE STAGE - AMENDMENT TO HEAD 53 (VOTE NO. 210)	11:29:43	15/05/2013	Albert CHAN	Member	《2013年撥款條例草案》－ 全體委員會審議階段 － 總目53的修正案 （表決編號210）	[u'189']
Yes	陳志全	APPROPRIATION BILL 2013 - COMMITTEE STAGE - AMENDMENT TO HEAD 21 (VOTE NO. 19)	15:24:22	14/05/2013	CHAN Chi-chuen	Member	《2013年撥款條例草案》－ 全體委員會審議階段 － 總目21的修正案 （表決編號19）	[u'19']
Yes	陳偉業	APPROPRIATION BILL 2013 - COMMITTEE STAGE - AMENDMENT TO HEAD 53 (VOTE NO. 211)	11:31:39	15/05/2013	Albert CHAN	Member	《2013年撥款條例草案》－ 全體委員會審議階段 － 總目53的修正案 （表決編號211）	[u'190']
Yes	陳志全	APPROPRIATION BILL 2013 - COMMITTEE STAGE - AMENDMENT TO HEAD 21 (VOTE NO. 20)	15:26:11	14/05/2013	CHAN Chi-chuen	Member	《2013年撥款條例草案》－ 全體委員會審議階段 － 總目21的修正案 （表決編號20）	[u'20']
Yes	陳志全	APPROPRIATION BILL 2013 - COMMITTEE STAGE - AMENDMENT TO HEAD 53 (VOTE NO. 212)	11:33:25	15/05/2013	CHAN Chi-chuen	Member	《2013年撥款條例草案》－ 全體委員會審議階段 － 總目53的修正案 （表決編號212）	[u'191']
Yes	陳志全	APPROPRIATION BILL 2013 - COMMITTEE STAGE - AMENDMENT TO HEAD 21 (VOTE NO. 21)	15:28:01	14/05/2013	CHAN Chi-chuen	Member	《2013年撥款條例草案》－ 全體委員會審議階段 － 總目21的修正案 （表決編號21）	[u'21']
Yes	梁國雄	APPROPRIATION BILL 2013 - COMMITTEE STAGE - AMENDMENT TO HEAD 53 (VOTE NO. 213)	11:35:36	15/05/2013	LEUNG Kwok-hung	Member	《2013年撥款條例草案》－ 全體委員會審議階段 － 總目53的修正案 （表決編號213）	[u'192']
Yes	陳志全	APPROPRIATION BILL 2013 - COMMITTEE STAGE - AMENDMENT TO HEAD 21 (VOTE NO. 22)	15:29:56	14/05/2013	CHAN Chi-chuen	Member	《2013年撥款條例草案》－ 全體委員會審議階段 － 總目21的修正案 （表決編號22）	[u'22']
Yes	梁國雄	APPROPRIATION BILL 2013 - COMMITTEE STAGE - AMENDMENT TO HEAD 53 (VOTE NO. 214)	11:37:19	15/05/2013	LEUNG Kwok-hung	Member	《2013年撥款條例草案》－ 全體委員會審議階段 － 總目53的修正案 （表決編號214）	[u'193']
Yes	陳志全	APPROPRIATION BILL 2013 - COMMITTEE STAGE - AMENDMENT TO HEAD 21 (VOTE NO. 23)	15:31:44	14/05/2013	CHAN Chi-chuen	Member	《2013年撥款條例草案》－ 全體委員會審議階段 － 總目21的修正案 （表決編號23）	[u'23']
Yes	陳志全	APPROPRIATION BILL 2013 - COMMITTEE STAGE - AMENDMENT TO HEAD 53 (VOTE NO. 215)	11:39:07	15/05/2013	CHAN Chi-chuen	Member	《2013年撥款條例草案》－ 全體委員會審議階段 － 總目53的修正案 （表決編號215）	[u'194']
Yes	陳志全	APPROPRIATION BILL 2013 - COMMITTEE STAGE - AMENDMENT TO HEAD 21 (VOTE NO. 24)	15:33:29	14/05/2013	CHAN Chi-chuen	Member	《2013年撥款條例草案》－ 全體委員會審議階段 － 總目21的修正案 （表決編號24）	[u'24']
Yes	陳志全	APPROPRIATION BILL 2013 - COMMITTEE STAGE - AMENDMENT TO HEAD 53 (VOTE NO. 216)	11:40:52	15/05/2013	CHAN Chi-chuen	Member	《2013年撥款條例草案》－ 全體委員會審議階段 － 總目53的修正案 （表決編號216）	[u'195']
Yes	陳志全	APPROPRIATION BILL 2013 - COMMITTEE STAGE - AMENDMENT TO HEAD 21 (VOTE NO. 25)	15:35:15	14/05/2013	CHAN Chi-chuen	Member	《2013年撥款條例草案》－ 全體委員會審議階段 － 總目21的修正案 （表決編號25）	[u'25']
Yes	陳偉業	APPROPRIATION BILL 2013 - COMMITTEE STAGE - AMENDMENT TO HEAD 53 (VOTE NO. 217)	11:42:35	15/05/2013	Albert CHAN	Member	《2013年撥款條例草案》－ 全體委員會審議階段 － 總目53的修正案 （表決編號217）	[u'196']
Yes	陳志全	APPROPRIATION BILL 2013 - COMMITTEE STAGE - AMENDMENT TO HEAD 21 (VOTE NO. 26)	15:37:02	14/05/2013	CHAN Chi-chuen	Member	《2013年撥款條例草案》－ 全體委員會審議階段 － 總目21的修正案 （表決編號26）	[u'26']
Yes	陳志全	APPROPRIATION BILL 2013 - COMMITTEE STAGE - AMENDMENT TO HEAD 53 (VOTE NO. 218)	11:44:16	15/05/2013	CHAN Chi-chuen	Member	《2013年撥款條例草案》－ 全體委員會審議階段 － 總目53的修正案 （表決編號218）	[u'197']
Yes	陳志全	APPROPRIATION BILL 2013 - COMMITTEE STAGE - AMENDMENT TO HEAD 21 (VOTE NO. 27)	15:38:50	14/05/2013	CHAN Chi-chuen	Member	《2013年撥款條例草案》－ 全體委員會審議階段 － 總目21的修正案 （表決編號27）	[u'27']
Yes	梁國雄	APPROPRIATION BILL 2013 - COMMITTEE STAGE - AMENDMENT TO HEAD 53 (VOTE NO. 219)	11:46:09	15/05/2013	LEUNG Kwok-hung	Member	《2013年撥款條例草案》－ 全體委員會審議階段 － 總目53的修正案 （表決編號219）	[u'198']
Yes	陳志全	APPROPRIATION BILL 2013 - COMMITTEE STAGE - AMENDMENT TO HEAD 21 (VOTE NO. 28)	15:40:41	14/05/2013	CHAN Chi-chuen	Member	《2013年撥款條例草案》－ 全體委員會審議階段 － 總目21的修正案 （表決編號28）	[u'28']
Yes	陳志全	APPROPRIATION BILL 2013 - COMMITTEE STAGE - AMENDMENT TO HEAD 21 (VOTE NO. 29)	15:42:39	14/05/2013	CHAN Chi-chuen	Member	《2013年撥款條例草案》－ 全體委員會審議階段 － 總目21的修正案 （表決編號29）	[u'29']
Yes	陳志全	APPROPRIATION BILL 2013 - COMMITTEE STAGE - AMENDMENT TO HEAD 53 (VOTE NO. 220)	11:47:54	15/05/2013	CHAN Chi-chuen	Member	《2013年撥款條例草案》－ 全體委員會審議階段 － 總目53的修正案 （表決編號220）	[u'199']
Yes	梁國雄	APPROPRIATION BILL 2013 - COMMITTEE STAGE - AMENDMENT TO HEAD 53 (VOTE NO. 221)	11:49:44	15/05/2013	LEUNG Kwok-hung	Member	《2013年撥款條例草案》－ 全體委員會審議階段 － 總目53的修正案 （表決編號221）	[u'200']
Yes	陳志全	APPROPRIATION BILL 2013 - COMMITTEE STAGE - AMENDMENT TO HEAD 21 (VOTE NO. 30)	15:44:31	14/05/2013	CHAN Chi-chuen	Member	《2013年撥款條例草案》－ 全體委員會審議階段 － 總目21的修正案 （表決編號30）	[u'30']
Yes	梁國雄	APPROPRIATION BILL 2013 - COMMITTEE STAGE - AMENDMENT TO HEAD 53 (VOTE NO. 222)	11:51:36	15/05/2013	LEUNG Kwok-hung	Member	《2013年撥款條例草案》－ 全體委員會審議階段 － 總目53的修正案 （表決編號222）	[u'201']
Yes	陳志全	APPROPRIATION BILL 2013 - COMMITTEE STAGE - AMENDMENT TO HEAD 21 (VOTE NO. 31)	15:46:21	14/05/2013	CHAN Chi-chuen	Member	《2013年撥款條例草案》－ 全體委員會審議階段 － 總目21的修正案 （表決編號31）	[u'31']
Yes	陳志全	APPROPRIATION BILL 2013 - COMMITTEE STAGE - AMENDMENT TO HEAD 53 (VOTE NO. 223)	11:53:21	15/05/2013	CHAN Chi-chuen	Member	《2013年撥款條例草案》－ 全體委員會審議階段 － 總目53的修正案 （表決編號223）	[u'202']
Yes	陳志全	APPROPRIATION BILL 2013 - COMMITTEE STAGE - AMENDMENT TO HEAD 21 (VOTE NO. 32)	15:48:08	14/05/2013	CHAN Chi-chuen	Member	《2013年撥款條例草案》－ 全體委員會審議階段 － 總目21的修正案 （表決編號32）	[u'32']
Yes	梁國雄	APPROPRIATION BILL 2013 - COMMITTEE STAGE - AMENDMENT TO HEAD 53 (VOTE NO. 224)	11:55:12	15/05/2013	LEUNG Kwok-hung	Member	《2013年撥款條例草案》－ 全體委員會審議階段 － 總目53的修正案 （表決編號224）	[u'203']
Yes	陳志全	APPROPRIATION BILL 2013 - COMMITTEE STAGE - AMENDMENT TO HEAD 21 (VOTE NO. 33)	15:49:58	14/05/2013	CHAN Chi-chuen	Member	《2013年撥款條例草案》－ 全體委員會審議階段 － 總目21的修正案 （表決編號33）	[u'33']
Yes	梁國雄	APPROPRIATION BILL 2013 - COMMITTEE STAGE - AMENDMENT TO HEAD 53 (VOTE NO. 225)	11:57:07	15/05/2013	LEUNG Kwok-hung	Member	《2013年撥款條例草案》－ 全體委員會審議階段 － 總目53的修正案 （表決編號225）	[u'204']
Yes	陳志全	APPROPRIATION BILL 2013 - COMMITTEE STAGE - AMENDMENT TO HEAD 21 (VOTE NO. 34)	15:52:03	14/05/2013	CHAN Chi-chuen	Member	《2013年撥款條例草案》－ 全體委員會審議階段 － 總目21的修正案 （表決編號34）	[u'34']
Yes	梁國雄	APPROPRIATION BILL 2013 - COMMITTEE STAGE - AMENDMENT TO HEAD 53 (VOTE NO. 226)	11:58:58	15/05/2013	LEUNG Kwok-hung	Member	《2013年撥款條例草案》－ 全體委員會審議階段 － 總目53的修正案 （表決編號226）	[u'205']
Yes	陳志全	APPROPRIATION BILL 2013 - COMMITTEE STAGE - AMENDMENT TO HEAD 21 (VOTE NO. 35)	15:53:53	14/05/2013	CHAN Chi-chuen	Member	《2013年撥款條例草案》－ 全體委員會審議階段 － 總目21的修正案 （表決編號35）	[u'35']
Yes	梁國雄	APPROPRIATION BILL 2013 - COMMITTEE STAGE - AMENDMENT TO HEAD 53 (VOTE NO. 227)	12:00:54	15/05/2013	LEUNG Kwok-hung	Member	《2013年撥款條例草案》－ 全體委員會審議階段 － 總目53的修正案 （表決編號227）	[u'206']
Yes	陳志全	APPROPRIATION BILL 2013 - COMMITTEE STAGE - AMENDMENT TO HEAD 21 (VOTE NO. 36)	15:55:46	14/05/2013	CHAN Chi-chuen	Member	《2013年撥款條例草案》－ 全體委員會審議階段 － 總目21的修正案 （表決編號36）	[u'36']
Yes	梁國雄	APPROPRIATION BILL 2013 - COMMITTEE STAGE - AMENDMENT TO HEAD 53 (VOTE NO. 228)	12:02:42	15/05/2013	LEUNG Kwok-hung	Member	《2013年撥款條例草案》－ 全體委員會審議階段 － 總目53的修正案 （表決編號228）	[u'207']
Yes	陳志全	APPROPRIATION BILL 2013 - COMMITTEE STAGE - AMENDMENT TO HEAD 21 (VOTE NO. 37)	15:57:34	14/05/2013	CHAN Chi-chuen	Member	《2013年撥款條例草案》－ 全體委員會審議階段 － 總目21的修正案 （表決編號37）	[u'37']
Yes	陳志全	APPROPRIATION BILL 2013 - COMMITTEE STAGE - AMENDMENT TO HEAD 53 (VOTE NO. 229)	12:04:26	15/05/2013	CHAN Chi-chuen	Member	《2013年撥款條例草案》－ 全體委員會審議階段 － 總目53的修正案 （表決編號229）	[u'208']
Yes	陳志全	APPROPRIATION BILL 2013 - COMMITTEE STAGE - AMENDMENT TO HEAD 21 (VOTE NO. 38)	15:59:23	14/05/2013	CHAN Chi-chuen	Member	《2013年撥款條例草案》－ 全體委員會審議階段 － 總目21的修正案 （表決編號38）	[u'38']
Yes	陳志全	APPROPRIATION BILL 2013 - COMMITTEE STAGE - AMENDMENT TO HEAD 53 (VOTE NO. 230)	12:06:12	15/05/2013	CHAN Chi-chuen	Member	《2013年撥款條例草案》－ 全體委員會審議階段 － 總目53的修正案 （表決編號230）	[u'209']
Yes	陳志全	APPROPRIATION BILL 2013 - COMMITTEE STAGE - AMENDMENT TO HEAD 21 (VOTE NO. 39)	16:01:15	14/05/2013	CHAN Chi-chuen	Member	《2013年撥款條例草案》－ 全體委員會審議階段 － 總目21的修正案 （表決編號39）	[u'39']
Yes	梁國雄	APPROPRIATION BILL 2013 - COMMITTEE STAGE - AMENDMENT TO HEAD 53 (VOTE NO. 231)	12:07:57	15/05/2013	LEUNG Kwok-hung	Member	《2013年撥款條例草案》－ 全體委員會審議階段 － 總目53的修正案 （表決編號231）	[u'210']
Yes	陳志全	APPROPRIATION BILL 2013 - COMMITTEE STAGE - AMENDMENT TO HEAD 21 (VOTE NO. 40)	16:03:05	14/05/2013	CHAN Chi-chuen	Member	《2013年撥款條例草案》－ 全體委員會審議階段 － 總目21的修正案 （表決編號40）	[u'40']
Yes	梁國雄	APPROPRIATION BILL 2013 - COMMITTEE STAGE - AMENDMENT TO HEAD 53 (VOTE NO. 232)	12:09:40	15/05/2013	LEUNG Kwok-hung	Member	《2013年撥款條例草案》－ 全體委員會審議階段 － 總目53的修正案 （表決編號232）	[u'211']
Yes	陳志全	APPROPRIATION BILL 2013 - COMMITTEE STAGE - AMENDMENT TO HEAD 21 (VOTE NO. 41)	16:05:01	14/05/2013	CHAN Chi-chuen	Member	《2013年撥款條例草案》－ 全體委員會審議階段 － 總目21的修正案 （表決編號41）	[u'41']
Yes	梁國雄	APPROPRIATION BILL 2013 - COMMITTEE STAGE - AMENDMENT TO HEAD 53 (VOTE NO. 233)	12:11:27	15/05/2013	LEUNG Kwok-hung	Member	《2013年撥款條例草案》－ 全體委員會審議階段 － 總目53的修正案 （表決編號233）	[u'212']
Yes	陳志全	APPROPRIATION BILL 2013 - COMMITTEE STAGE - AMENDMENT TO HEAD 21 (VOTE NO. 42)	16:06:52	14/05/2013	CHAN Chi-chuen	Member	《2013年撥款條例草案》－ 全體委員會審議階段 － 總目21的修正案 （表決編號42）	[u'42']
Yes	梁國雄	APPROPRIATION BILL 2013 - COMMITTEE STAGE - AMENDMENT TO HEAD 53 (VOTE NO. 234)	12:13:11	15/05/2013	LEUNG Kwok-hung	Member	《2013年撥款條例草案》－ 全體委員會審議階段 － 總目53的修正案 （表決編號234）	[u'213']
Yes	陳志全	APPROPRIATION BILL 2013 - COMMITTEE STAGE - AMENDMENT TO HEAD 21 (VOTE NO. 43)	16:08:43	14/05/2013	CHAN Chi-chuen	Member	《2013年撥款條例草案》－ 全體委員會審議階段 － 總目21的修正案 （表決編號43）	[u'43']
Yes	梁國雄	APPROPRIATION BILL 2013 - COMMITTEE STAGE - AMENDMENT TO HEAD 53 (VOTE NO. 235)	12:14:57	15/05/2013	LEUNG Kwok-hung	Member	《2013年撥款條例草案》－ 全體委員會審議階段 － 總目53的修正案 （表決編號235）	[u'214']
Yes	梁國雄	APPROPRIATION BILL 2013 - COMMITTEE STAGE - AMENDMENT TO HEAD 21 (VOTE NO. 44)	16:10:41	14/05/2013	LEUNG Kwok-hung	Member	《2013年撥款條例草案》－ 全體委員會審議階段 － 總目21的修正案 （表決編號44）	[u'44']
Yes	陳志全	APPROPRIATION BILL 2013 - COMMITTEE STAGE - AMENDMENT TO HEAD 21 (VOTE NO. 46)	16:12:34	14/05/2013	CHAN Chi-chuen	Member	《2013年撥款條例草案》－ 全體委員會審議階段 － 總目21的修正案 （表決編號46）	[u'45']
Yes	梁國雄	APPROPRIATION BILL 2013 - COMMITTEE STAGE - AMENDMENT TO HEAD 53 (VOTE NO. 236)	12:16:45	15/05/2013	LEUNG Kwok-hung	Member	《2013年撥款條例草案》－ 全體委員會審議階段 － 總目53的修正案 （表決編號236）	[u'215']
Yes	陳偉業	APPROPRIATION BILL 2013 - COMMITTEE STAGE - AMENDMENT TO HEAD 55 (VOTE NO. 237)	12:18:33	15/05/2013	Albert CHAN	Member	《2013年撥款條例草案》－ 全體委員會審議階段 － 總目55的修正案 （表決編號237）	[u'216']
Yes	陳志全	APPROPRIATION BILL 2013 - COMMITTEE STAGE - AMENDMENT TO HEAD 21 (VOTE NO. 47)	16:14:21	14/05/2013	CHAN Chi-chuen	Member	《2013年撥款條例草案》－ 全體委員會審議階段 － 總目21的修正案 （表決編號47）	[u'46']
Yes	陳志全	APPROPRIATION BILL 2013 - COMMITTEE STAGE - AMENDMENT TO HEAD 21 (VOTE NO. 48)	16:16:09	14/05/2013	CHAN Chi-chuen	Member	《2013年撥款條例草案》－ 全體委員會審議階段 － 總目21的修正案 （表決編號48）	[u'47']
Yes	陳偉業	APPROPRIATION BILL 2013 - COMMITTEE STAGE - AMENDMENT TO HEAD 55 (VOTE NO. 238)	12:20:20	15/05/2013	Albert CHAN	Member	《2013年撥款條例草案》－ 全體委員會審議階段 － 總目55的修正案 （表決編號238）	[u'217']
Yes	陳偉業	APPROPRIATION BILL 2013 - COMMITTEE STAGE - AMENDMENT TO HEAD 55 (VOTE NO. 239)	12:22:08	15/05/2013	Albert CHAN	Member	《2013年撥款條例草案》－ 全體委員會審議階段 － 總目55的修正案 （表決編號239）	[u'218']
Yes	陳志全	APPROPRIATION BILL 2013 - COMMITTEE STAGE - AMENDMENT TO HEAD 21 (VOTE NO. 49)	16:17:57	14/05/2013	CHAN Chi-chuen	Member	《2013年撥款條例草案》－ 全體委員會審議階段 － 總目21的修正案 （表決編號49）	[u'48']
Yes	陳偉業	APPROPRIATION BILL 2013 - COMMITTEE STAGE - AMENDMENT TO HEAD 55 (VOTE NO. 240)	12:23:49	15/05/2013	Albert CHAN	Member	《2013年撥款條例草案》－ 全體委員會審議階段 － 總目55的修正案 （表決編號240）	[u'219']
Yes	陳志全	APPROPRIATION BILL 2013 - COMMITTEE STAGE - AMENDMENT TO HEAD 21 (VOTE NO. 50)	16:19:45	14/05/2013	CHAN Chi-chuen	Member	《2013年撥款條例草案》－ 全體委員會審議階段 － 總目21的修正案 （表決編號50）	[u'49']
Yes	梁國雄	APPROPRIATION BILL 2013 - COMMITTEE STAGE - AMENDMENT TO HEAD 59 (VOTE NO. 241)	12:25:39	15/05/2013	LEUNG Kwok-hung	Member	《2013年撥款條例草案》－ 全體委員會審議階段 － 總目59的修正案 （表決編號241）	[u'220']
Yes	陳志全	APPROPRIATION BILL 2013 - COMMITTEE STAGE - AMENDMENT TO HEAD 21 (VOTE NO. 51)	16:21:35	14/05/2013	CHAN Chi-chuen	Member	《2013年撥款條例草案》－ 全體委員會審議階段 － 總目21的修正案 （表決編號51）	[u'50']
Yes	梁國雄	APPROPRIATION BILL 2013 - COMMITTEE STAGE - AMENDMENT TO HEAD 59 (VOTE NO. 242)	12:27:27	15/05/2013	LEUNG Kwok-hung	Member	《2013年撥款條例草案》－ 全體委員會審議階段 － 總目59的修正案 （表決編號242）	[u'221']
Yes	陳志全	APPROPRIATION BILL 2013 - COMMITTEE STAGE - AMENDMENT TO HEAD 21 (VOTE NO. 52)	16:23:39	14/05/2013	CHAN Chi-chuen	Member	《2013年撥款條例草案》－ 全體委員會審議階段 － 總目21的修正案 （表決編號52）	[u'51']
Yes	梁國雄	APPROPRIATION BILL 2013 - COMMITTEE STAGE - AMENDMENT TO HEAD 59 (VOTE NO. 243)	12:29:22	15/05/2013	LEUNG Kwok-hung	Member	《2013年撥款條例草案》－ 全體委員會審議階段 － 總目59的修正案 （表決編號243）	[u'222']
Yes	陳志全	APPROPRIATION BILL 2013 - COMMITTEE STAGE - AMENDMENT TO HEAD 21 (VOTE NO. 53)	16:25:29	14/05/2013	CHAN Chi-chuen	Member	《2013年撥款條例草案》－ 全體委員會審議階段 － 總目21的修正案 （表決編號53）	[u'52']
Yes	梁國雄	APPROPRIATION BILL 2013 - COMMITTEE STAGE - AMENDMENT TO HEAD 59 (VOTE NO. 244)	12:31:06	15/05/2013	LEUNG Kwok-hung	Member	《2013年撥款條例草案》－ 全體委員會審議階段 － 總目59的修正案 （表決編號244）	[u'223']
Yes	陳志全	APPROPRIATION BILL 2013 - COMMITTEE STAGE - AMENDMENT TO HEAD 21 (VOTE NO. 54)	16:27:21	14/05/2013	CHAN Chi-chuen	Member	《2013年撥款條例草案》－ 全體委員會審議階段 － 總目21的修正案 （表決編號54）	[u'53']
Yes	梁國雄	APPROPRIATION BILL 2013 - COMMITTEE STAGE - AMENDMENT TO HEAD 59 (VOTE NO. 245)	12:32:51	15/05/2013	LEUNG Kwok-hung	Member	《2013年撥款條例草案》－ 全體委員會審議階段 － 總目59的修正案 （表決編號245）	[u'224']
Yes	陳志全	APPROPRIATION BILL 2013 - COMMITTEE STAGE - AMENDMENT TO HEAD 21 (VOTE NO. 55)	16:29:09	14/05/2013	CHAN Chi-chuen	Member	《2013年撥款條例草案》－ 全體委員會審議階段 － 總目21的修正案 （表決編號55）	[u'54']
Yes	梁國雄	APPROPRIATION BILL 2013 - COMMITTEE STAGE - AMENDMENT TO HEAD 59 (VOTE NO. 246)	12:34:36	15/05/2013	LEUNG Kwok-hung	Member	《2013年撥款條例草案》－ 全體委員會審議階段 － 總目59的修正案 （表決編號246）	[u'225']
Yes	陳志全	APPROPRIATION BILL 2013 - COMMITTEE STAGE - AMENDMENT TO HEAD 21 (VOTE NO. 56)	16:53:52	14/05/2013	CHAN Chi-chuen	Member	《2013年撥款條例草案》－ 全體委員會審議階段 － 總目21的修正案 （表決編號56）	[u'55']
Yes	梁國雄	APPROPRIATION BILL 2013 - COMMITTEE STAGE - AMENDMENT TO HEAD 59 (VOTE NO. 247)	12:36:28	15/05/2013	LEUNG Kwok-hung	Member	《2013年撥款條例草案》－ 全體委員會審議階段 － 總目59的修正案 （表決編號247）	[u'226']
Yes	陳志全	APPROPRIATION BILL 2013 - COMMITTEE STAGE - AMENDMENT TO HEAD 21 (VOTE NO. 57)	16:55:54	14/05/2013	CHAN Chi-chuen	Member	《2013年撥款條例草案》－ 全體委員會審議階段 － 總目21的修正案 （表決編號57）	[u'56']
Yes	梁國雄	APPROPRIATION BILL 2013 - COMMITTEE STAGE - AMENDMENT TO HEAD 59 (VOTE NO. 248)	12:38:13	15/05/2013	LEUNG Kwok-hung	Member	《2013年撥款條例草案》－ 全體委員會審議階段 － 總目59的修正案 （表決編號248）	[u'227']
Yes	梁國雄	APPROPRIATION BILL 2013 - COMMITTEE STAGE - AMENDMENT TO HEAD 21 (VOTE NO. 58)	16:57:48	14/05/2013	LEUNG Kwok-hung	Member	《2013年撥款條例草案》－ 全體委員會審議階段 － 總目21的修正案 （表決編號58）	[u'57']
Yes	梁國雄	APPROPRIATION BILL 2013 - COMMITTEE STAGE - AMENDMENT TO HEAD 59 (VOTE NO. 249)	12:40:00	15/05/2013	LEUNG Kwok-hung	Member	《2013年撥款條例草案》－ 全體委員會審議階段 － 總目59的修正案 （表決編號249）	[u'228']
Yes	陳志全	APPROPRIATION BILL 2013 - COMMITTEE STAGE - AMENDMENT TO HEAD 21 (VOTE NO. 59)	16:59:39	14/05/2013	CHAN Chi-chuen	Member	《2013年撥款條例草案》－ 全體委員會審議階段 － 總目21的修正案 （表決編號59）	[u'58']
Yes	梁國雄	APPROPRIATION BILL 2013 - COMMITTEE STAGE - AMENDMENT TO HEAD 59 (VOTE NO. 250)	12:41:47	15/05/2013	LEUNG Kwok-hung	Member	《2013年撥款條例草案》－ 全體委員會審議階段 － 總目59的修正案 （表決編號250）	[u'229']
Yes	陳志全	APPROPRIATION BILL 2013 - COMMITTEE STAGE - AMENDMENT TO HEAD 21 (VOTE NO. 60)	17:01:31	14/05/2013	CHAN Chi-chuen	Member	《2013年撥款條例草案》－ 全體委員會審議階段 － 總目21的修正案 （表決編號60）	[u'59']
Yes	陳志全	APPROPRIATION BILL 2013 - COMMITTEE STAGE - AMENDMENT TO HEAD 62 (VOTE NO. 251)	12:43:33	15/05/2013	CHAN Chi-chuen	Member	《2013年撥款條例草案》－ 全體委員會審議階段 － 總目62的修正案 （表決編號251）	[u'230']
Yes	陳志全	APPROPRIATION BILL 2013 - COMMITTEE STAGE - AMENDMENT TO HEAD 21 (VOTE NO. 61)	17:03:17	14/05/2013	CHAN Chi-chuen	Member	《2013年撥款條例草案》－ 全體委員會審議階段 － 總目21的修正案 （表決編號61）	[u'60']
Yes	陳偉業	APPROPRIATION BILL 2013 - COMMITTEE STAGE - AMENDMENT TO HEAD 62 (VOTE NO. 252)	12:45:17	15/05/2013	Albert CHAN	Member	《2013年撥款條例草案》－ 全體委員會審議階段 － 總目62的修正案 （表決編號252）	[u'231']
Yes	陳志全	APPROPRIATION BILL 2013 - COMMITTEE STAGE - AMENDMENT TO HEAD 21 (VOTE NO. 62)	17:05:06	14/05/2013	CHAN Chi-chuen	Member	《2013年撥款條例草案》－ 全體委員會審議階段 － 總目21的修正案 （表決編號62）	[u'61']
Yes	陳偉業	APPROPRIATION BILL 2013 - COMMITTEE STAGE - AMENDMENT TO HEAD 62 (VOTE NO. 253)	12:47:04	15/05/2013	Albert CHAN	Member	《2013年撥款條例草案》－ 全體委員會審議階段 － 總目62的修正案 （表決編號253）	[u'232']
Yes	陳志全	APPROPRIATION BILL 2013 - COMMITTEE STAGE - AMENDMENT TO HEAD 21 (VOTE NO. 63)	17:06:54	14/05/2013	CHAN Chi-chuen	Member	《2013年撥款條例草案》－ 全體委員會審議階段 － 總目21的修正案 （表決編號63）	[u'62']
Yes	陳志全	APPROPRIATION BILL 2013 - COMMITTEE STAGE - AMENDMENT TO HEAD 63 (VOTE NO. 254)	12:48:49	15/05/2013	CHAN Chi-chuen	Member	《2013年撥款條例草案》－ 全體委員會審議階段 － 總目63的修正案 （表決編號254）	[u'233']
Yes	陳志全	APPROPRIATION BILL 2013 - COMMITTEE STAGE - AMENDMENT TO HEAD 21 (VOTE NO. 64)	17:08:41	14/05/2013	CHAN Chi-chuen	Member	《2013年撥款條例草案》－ 全體委員會審議階段 － 總目21的修正案 （表決編號64）	[u'63']
Yes	陳志全	APPROPRIATION BILL 2013 - COMMITTEE STAGE - AMENDMENT TO HEAD 63 (VOTE NO. 255)	12:50:32	15/05/2013	CHAN Chi-chuen	Member	《2013年撥款條例草案》－ 全體委員會審議階段 － 總目63的修正案 （表決編號255）	[u'234']
Yes	陳志全	APPROPRIATION BILL 2013 - COMMITTEE STAGE - AMENDMENT TO HEAD 21 (VOTE NO. 65)	17:10:27	14/05/2013	CHAN Chi-chuen	Member	《2013年撥款條例草案》－ 全體委員會審議階段 － 總目21的修正案 （表決編號65）	[u'64']
Yes	陳志全	APPROPRIATION BILL 2013 - COMMITTEE STAGE - AMENDMENT TO HEAD 63 (VOTE NO. 256)	12:52:20	15/05/2013	CHAN Chi-chuen	Member	《2013年撥款條例草案》－ 全體委員會審議階段 － 總目63的修正案 （表決編號256）	[u'235']
Yes	陳志全	APPROPRIATION BILL 2013 - COMMITTEE STAGE - AMENDMENT TO HEAD 21 (VOTE NO. 66)	17:12:14	14/05/2013	CHAN Chi-chuen	Member	《2013年撥款條例草案》－ 全體委員會審議階段 － 總目21的修正案 （表決編號66）	[u'65']
Yes	陳志全	APPROPRIATION BILL 2013 - COMMITTEE STAGE - AMENDMENT TO HEAD 63 (VOTE NO. 257)	12:54:03	15/05/2013	CHAN Chi-chuen	Member	《2013年撥款條例草案》－ 全體委員會審議階段 － 總目63的修正案 （表決編號257）	[u'236']
Yes	陳志全	APPROPRIATION BILL 2013 - COMMITTEE STAGE - AMENDMENT TO HEAD 21 (VOTE NO. 67)	17:14:04	14/05/2013	CHAN Chi-chuen	Member	《2013年撥款條例草案》－ 全體委員會審議階段 － 總目21的修正案 （表決編號67）	[u'66']
Yes	陳志全	APPROPRIATION BILL 2013 - COMMITTEE STAGE - AMENDMENT TO HEAD 63 (VOTE NO. 258)	12:55:43	15/05/2013	CHAN Chi-chuen	Member	《2013年撥款條例草案》－ 全體委員會審議階段 － 總目63的修正案 （表決編號258）	[u'237']
Yes	陳志全	APPROPRIATION BILL 2013 - COMMITTEE STAGE - AMENDMENT TO HEAD 21 (VOTE NO. 68)	17:15:55	14/05/2013	CHAN Chi-chuen	Member	《2013年撥款條例草案》－ 全體委員會審議階段 － 總目21的修正案 （表決編號68）	[u'67']
Yes	陳志全	APPROPRIATION BILL 2013 - COMMITTEE STAGE - AMENDMENT TO HEAD 70 (VOTE NO. 260)	12:57:44	15/05/2013	CHAN Chi-chuen	Member	《2013年撥款條例草案》－ 全體委員會審議階段 － 總目70的修正案 （表決編號260）	[u'238']
Yes	范國威	APPROPRIATION BILL 2013 - COMMITTEE STAGE - AMENDMENT TO HEAD 21 (VOTE NO. 69)	17:17:43	14/05/2013	Gary FAN	Member	《2013年撥款條例草案》－ 全體委員會審議階段 － 總目21的修正案 （表決編號69）	[u'68']
Yes	陳志全	APPROPRIATION BILL 2013 - COMMITTEE STAGE - AMENDMENT TO HEAD 70 (VOTE NO. 261)	12:59:36	15/05/2013	CHAN Chi-chuen	Member	《2013年撥款條例草案》－ 全體委員會審議階段 － 總目70的修正案 （表決編號261）	[u'239']
Yes	陳志全	APPROPRIATION BILL 2013 - COMMITTEE STAGE - AMENDMENT TO HEAD 21 (VOTE NO. 70)	17:19:38	14/05/2013	CHAN Chi-chuen	Member	《2013年撥款條例草案》－ 全體委員會審議階段 － 總目21的修正案 （表決編號70）	[u'69']
Yes	陳志全	APPROPRIATION BILL 2013 - COMMITTEE STAGE - AMENDMENT TO HEAD 70 (VOTE NO. 262)	14:09:18	15/05/2013	CHAN Chi-chuen	Member	《2013年撥款條例草案》－ 全體委員會審議階段 － 總目70的修正案 （表決編號262）	[u'240']
Yes	陳志全	APPROPRIATION BILL 2013 - COMMITTEE STAGE - AMENDMENT TO HEAD 21 (VOTE NO. 71)	17:21:26	14/05/2013	CHAN Chi-chuen	Member	《2013年撥款條例草案》－ 全體委員會審議階段 － 總目21的修正案 （表決編號71）	[u'70']
Yes	陳志全	APPROPRIATION BILL 2013 - COMMITTEE STAGE - AMENDMENT TO HEAD 70 (VOTE NO. 263)	14:11:36	15/05/2013	CHAN Chi-chuen	Member	《2013年撥款條例草案》－ 全體委員會審議階段 － 總目70的修正案 （表決編號263）	[u'241']
Yes	陳志全	APPROPRIATION BILL 2013 - COMMITTEE STAGE - AMENDMENT TO HEAD 21 (VOTE NO. 72)	17:23:30	14/05/2013	CHAN Chi-chuen	Member	《2013年撥款條例草案》－ 全體委員會審議階段 － 總目21的修正案 （表決編號72）	[u'71']
Yes	陳志全	APPROPRIATION BILL 2013 - COMMITTEE STAGE - AMENDMENT TO HEAD 70 (VOTE NO. 264)	14:13:23	15/05/2013	CHAN Chi-chuen	Member	《2013年撥款條例草案》－ 全體委員會審議階段 － 總目70的修正案 （表決編號264）	[u'242']
Yes	陳志全	APPROPRIATION BILL 2013 - COMMITTEE STAGE - AMENDMENT TO HEAD 21 (VOTE NO. 73)	17:25:19	14/05/2013	CHAN Chi-chuen	Member	《2013年撥款條例草案》－ 全體委員會審議階段 － 總目21的修正案 （表決編號73）	[u'72']
Yes	陳偉業	APPROPRIATION BILL 2013 - COMMITTEE STAGE - AMENDMENT TO HEAD 70 (VOTE NO. 265)	14:15:09	15/05/2013	Albert CHAN	Member	《2013年撥款條例草案》－ 全體委員會審議階段 － 總目70的修正案 （表決編號265）	[u'243']
Yes	陳志全	APPROPRIATION BILL 2013 - COMMITTEE STAGE - AMENDMENT TO HEAD 21 (VOTE NO. 74)	17:27:09	14/05/2013	CHAN Chi-chuen	Member	《2013年撥款條例草案》－ 全體委員會審議階段 － 總目21的修正案 （表決編號74）	[u'73']
Yes	陳偉業	APPROPRIATION BILL 2013 - COMMITTEE STAGE - AMENDMENT TO HEAD 70 (VOTE NO. 266)	14:16:55	15/05/2013	Albert CHAN	Member	《2013年撥款條例草案》－ 全體委員會審議階段 － 總目70的修正案 （表決編號266）	[u'244']
Yes	陳志全	APPROPRIATION BILL 2013 - COMMITTEE STAGE - AMENDMENT TO HEAD 21 (VOTE NO. 75)	17:28:56	14/05/2013	CHAN Chi-chuen	Member	《2013年撥款條例草案》－ 全體委員會審議階段 － 總目21的修正案 （表決編號75）	[u'74']
Yes	陳志全	APPROPRIATION BILL 2013 - COMMITTEE STAGE - AMENDMENT TO HEAD 70 (VOTE NO. 267)	14:18:40	15/05/2013	CHAN Chi-chuen	Member	《2013年撥款條例草案》－ 全體委員會審議階段 － 總目70的修正案 （表決編號267）	[u'245']
Yes	陳志全	APPROPRIATION BILL 2013 - COMMITTEE STAGE - AMENDMENT TO HEAD 21 (VOTE NO. 76)	17:30:46	14/05/2013	CHAN Chi-chuen	Member	《2013年撥款條例草案》－ 全體委員會審議階段 － 總目21的修正案 （表決編號76）	[u'75']
Yes	陳偉業	APPROPRIATION BILL 2013 - COMMITTEE STAGE - AMENDMENT TO HEAD 70 (VOTE NO. 268)	14:20:34	15/05/2013	Albert CHAN	Member	《2013年撥款條例草案》－ 全體委員會審議階段 － 總目70的修正案 （表決編號268）	[u'246']
Yes	陳志全	APPROPRIATION BILL 2013 - COMMITTEE STAGE - AMENDMENT TO HEAD 21 (VOTE NO. 77)	17:32:34	14/05/2013	CHAN Chi-chuen	Member	《2013年撥款條例草案》－ 全體委員會審議階段 － 總目21的修正案 （表決編號77）	[u'76']
Yes	陳志全	APPROPRIATION BILL 2013 - COMMITTEE STAGE - AMENDMENT TO HEAD 70 (VOTE NO. 269)	14:22:22	15/05/2013	CHAN Chi-chuen	Member	《2013年撥款條例草案》－ 全體委員會審議階段 － 總目70的修正案 （表決編號269）	[u'247']
Yes	陳志全	APPROPRIATION BILL 2013 - COMMITTEE STAGE - AMENDMENT TO HEAD 21 (VOTE NO. 78)	17:34:19	14/05/2013	CHAN Chi-chuen	Member	《2013年撥款條例草案》－ 全體委員會審議階段 － 總目21的修正案 （表決編號78）	[u'77']
Yes	梁國雄	APPROPRIATION BILL 2013 - COMMITTEE STAGE - AMENDMENT TO HEAD 72 (VOTE NO. 270)	14:24:13	15/05/2013	LEUNG Kwok-hung	Member	《2013年撥款條例草案》－ 全體委員會審議階段 － 總目72的修正案 （表決編號270）	[u'248']
Yes	陳志全	APPROPRIATION BILL 2013 - COMMITTEE STAGE - AMENDMENT TO HEAD 21 (VOTE NO. 79)	17:36:04	14/05/2013	CHAN Chi-chuen	Member	《2013年撥款條例草案》－ 全體委員會審議階段 － 總目21的修正案 （表決編號79）	[u'78']
Yes	梁國雄	APPROPRIATION BILL 2013 - COMMITTEE STAGE - AMENDMENT TO HEAD 72 (VOTE NO. 271)	14:26:03	15/05/2013	LEUNG Kwok-hung	Member	《2013年撥款條例草案》－ 全體委員會審議階段 － 總目72的修正案 （表決編號271）	[u'249']
Yes	陳志全	APPROPRIATION BILL 2013 - COMMITTEE STAGE - AMENDMENT TO HEAD 21 (VOTE NO. 80)	17:37:51	14/05/2013	CHAN Chi-chuen	Member	《2013年撥款條例草案》－ 全體委員會審議階段 － 總目21的修正案 （表決編號80）	[u'79']
Yes	梁國雄	APPROPRIATION BILL 2013 - COMMITTEE STAGE - AMENDMENT TO HEAD 72 (VOTE NO. 272)	14:27:47	15/05/2013	LEUNG Kwok-hung	Member	《2013年撥款條例草案》－ 全體委員會審議階段 － 總目72的修正案 （表決編號272）	[u'250']
Yes	陳志全	APPROPRIATION BILL 2013 - COMMITTEE STAGE - AMENDMENT TO HEAD 21 (VOTE NO. 81)	17:39:40	14/05/2013	CHAN Chi-chuen	Member	《2013年撥款條例草案》－ 全體委員會審議階段 － 總目21的修正案 （表決編號81）	[u'80']
Yes	梁國雄	APPROPRIATION BILL 2013 - COMMITTEE STAGE - AMENDMENT TO HEAD 72 (VOTE NO. 273)	14:29:36	15/05/2013	LEUNG Kwok-hung	Member	《2013年撥款條例草案》－ 全體委員會審議階段 － 總目72的修正案 （表決編號273）	[u'251']
Yes	陳志全	APPROPRIATION BILL 2013 - COMMITTEE STAGE - AMENDMENT TO HEAD 21 (VOTE NO. 82)	17:41:30	14/05/2013	CHAN Chi-chuen	Member	《2013年撥款條例草案》－ 全體委員會審議階段 － 總目21的修正案 （表決編號82）	[u'81']
Yes	梁國雄	APPROPRIATION BILL 2013 - COMMITTEE STAGE - AMENDMENT TO HEAD 72 (VOTE NO. 274)	14:31:27	15/05/2013	LEUNG Kwok-hung	Member	《2013年撥款條例草案》－ 全體委員會審議階段 － 總目72的修正案 （表決編號274）	[u'252']
Yes	陳志全	APPROPRIATION BILL 2013 - COMMITTEE STAGE - AMENDMENT TO HEAD 21 (VOTE NO. 83)	17:43:19	14/05/2013	CHAN Chi-chuen	Member	《2013年撥款條例草案》－ 全體委員會審議階段 － 總目21的修正案 （表決編號83）	[u'82']
Yes	陳志全	APPROPRIATION BILL 2013 - COMMITTEE STAGE - AMENDMENT TO HEAD 72 (VOTE NO. 275)	14:33:28	15/05/2013	CHAN Chi-chuen	Member	《2013年撥款條例草案》－ 全體委員會審議階段 － 總目72的修正案 （表決編號275）	[u'253']
Yes	陳志全	APPROPRIATION BILL 2013 - COMMITTEE STAGE - AMENDMENT TO HEAD 21 (VOTE NO. 84)	17:45:09	14/05/2013	CHAN Chi-chuen	Member	《2013年撥款條例草案》－ 全體委員會審議階段 － 總目21的修正案 （表決編號84）	[u'83']
Yes	梁國雄	APPROPRIATION BILL 2013 - COMMITTEE STAGE - AMENDMENT TO HEAD 72 (VOTE NO. 276)	14:35:21	15/05/2013	LEUNG Kwok-hung	Member	《2013年撥款條例草案》－ 全體委員會審議階段 － 總目72的修正案 （表決編號276）	[u'254']
Yes	梁國雄	APPROPRIATION BILL 2013 - COMMITTEE STAGE - AMENDMENT TO HEAD 21 (VOTE NO. 85)	17:46:57	14/05/2013	LEUNG Kwok-hung	Member	《2013年撥款條例草案》－ 全體委員會審議階段 － 總目21的修正案 （表決編號85）	[u'84']
Yes	梁國雄	APPROPRIATION BILL 2013 - COMMITTEE STAGE - AMENDMENT TO HEAD 72 (VOTE NO. 277)	14:37:14	15/05/2013	LEUNG Kwok-hung	Member	《2013年撥款條例草案》－ 全體委員會審議階段 － 總目72的修正案 （表決編號277）	[u'255']
Yes	梁國雄	APPROPRIATION BILL 2013 - COMMITTEE STAGE - AMENDMENT TO HEAD 21 (VOTE NO. 86)	17:48:47	14/05/2013	LEUNG Kwok-hung	Member	《2013年撥款條例草案》－ 全體委員會審議階段 － 總目21的修正案 （表決編號86）	[u'85']
Yes	梁國雄	APPROPRIATION BILL 2013 - COMMITTEE STAGE - AMENDMENT TO HEAD 72 (VOTE NO. 278)	14:39:06	15/05/2013	LEUNG Kwok-hung	Member	《2013年撥款條例草案》－ 全體委員會審議階段 － 總目72的修正案 （表決編號278）	[u'256']
Yes	陳志全	APPROPRIATION BILL 2013 - COMMITTEE STAGE - AMENDMENT TO HEAD 21 (VOTE NO. 87)	17:50:40	14/05/2013	CHAN Chi-chuen	Member	《2013年撥款條例草案》－ 全體委員會審議階段 － 總目21的修正案 （表決編號87）	[u'86']
Yes	梁國雄	APPROPRIATION BILL 2013 - COMMITTEE STAGE - AMENDMENT TO HEAD 72 (VOTE NO. 279)	14:40:53	15/05/2013	LEUNG Kwok-hung	Member	《2013年撥款條例草案》－ 全體委員會審議階段 － 總目72的修正案 （表決編號279）	[u'257']
Yes	陳志全	APPROPRIATION BILL 2013 - COMMITTEE STAGE - AMENDMENT TO HEAD 21 (VOTE NO. 88)	17:52:36	14/05/2013	CHAN Chi-chuen	Member	《2013年撥款條例草案》－ 全體委員會審議階段 － 總目21的修正案 （表決編號88）	[u'87']
Yes	梁國雄	APPROPRIATION BILL 2013 - COMMITTEE STAGE - AMENDMENT TO HEAD 72 (VOTE NO. 280)	14:42:51	15/05/2013	LEUNG Kwok-hung	Member	《2013年撥款條例草案》－ 全體委員會審議階段 － 總目72的修正案 （表決編號280）	[u'258']
Yes	梁國雄	APPROPRIATION BILL 2013 - COMMITTEE STAGE - AMENDMENT TO HEAD 21 (VOTE NO. 89)	17:54:31	14/05/2013	LEUNG Kwok-hung	Member	《2013年撥款條例草案》－ 全體委員會審議階段 － 總目21的修正案 （表決編號89）	[u'88']
Yes	梁國雄	APPROPRIATION BILL 2013 - COMMITTEE STAGE - AMENDMENT TO HEAD 72 (VOTE NO. 281)	14:44:38	15/05/2013	LEUNG Kwok-hung	Member	《2013年撥款條例草案》－ 全體委員會審議階段 － 總目72的修正案 （表決編號281）	[u'259']
Yes	梁國雄	APPROPRIATION BILL 2013 - COMMITTEE STAGE - AMENDMENT TO HEAD 21 (VOTE NO. 90)	17:56:17	14/05/2013	LEUNG Kwok-hung	Member	《2013年撥款條例草案》－ 全體委員會審議階段 － 總目21的修正案 （表決編號90）	[u'89']
Yes	陳偉業	APPROPRIATION BILL 2013 - COMMITTEE STAGE - AMENDMENT TO HEAD 74 (VOTE NO. 282)	14:46:29	15/05/2013	Albert CHAN	Member	《2013年撥款條例草案》－ 全體委員會審議階段 － 總目74的修正案 （表決編號282）	[u'260']
Yes	陳志全	APPROPRIATION BILL 2013 - COMMITTEE STAGE - AMENDMENT TO HEAD 21 (VOTE NO. 91)	17:58:07	14/05/2013	CHAN Chi-chuen	Member	《2013年撥款條例草案》－ 全體委員會審議階段 － 總目21的修正案 （表決編號91）	[u'90']
Yes	陳偉業	APPROPRIATION BILL 2013 - COMMITTEE STAGE - AMENDMENT TO HEAD 74 (VOTE NO. 283)	14:48:19	15/05/2013	Albert CHAN	Member	《2013年撥款條例草案》－ 全體委員會審議階段 － 總目74的修正案 （表決編號283）	[u'261']
Yes	陳志全	APPROPRIATION BILL 2013 - COMMITTEE STAGE - AMENDMENT TO HEAD 21 (VOTE NO. 92)	17:59:55	14/05/2013	CHAN Chi-chuen	Member	《2013年撥款條例草案》－ 全體委員會審議階段 － 總目21的修正案 （表決編號92）	[u'91']
Yes	陳偉業	APPROPRIATION BILL 2013 - COMMITTEE STAGE - AMENDMENT TO HEAD 74 (VOTE NO. 284)	14:50:11	15/05/2013	Albert CHAN	Member	《2013年撥款條例草案》－ 全體委員會審議階段 － 總目74的修正案 （表決編號284）	[u'262']
Yes	陳志全	APPROPRIATION BILL 2013 - COMMITTEE STAGE - AMENDMENT TO HEAD 21 (VOTE NO. 93)	18:01:39	14/05/2013	CHAN Chi-chuen	Member	《2013年撥款條例草案》－ 全體委員會審議階段 － 總目21的修正案 （表決編號93）	[u'92']
Yes	陳偉業	APPROPRIATION BILL 2013 - COMMITTEE STAGE - AMENDMENT TO HEAD 74 (VOTE NO. 285)	14:52:07	15/05/2013	Albert CHAN	Member	《2013年撥款條例草案》－ 全體委員會審議階段 － 總目74的修正案 （表決編號285）	[u'263']
Yes	梁國雄	APPROPRIATION BILL 2013 - COMMITTEE STAGE - AMENDMENT TO HEAD 21 (VOTE NO. 94)	18:03:26	14/05/2013	LEUNG Kwok-hung	Member	《2013年撥款條例草案》－ 全體委員會審議階段 － 總目21的修正案 （表決編號94）	[u'93']
Yes	陳偉業	APPROPRIATION BILL 2013 - COMMITTEE STAGE - AMENDMENT TO HEAD 76 (VOTE NO. 286)	14:53:57	15/05/2013	Albert CHAN	Member	《2013年撥款條例草案》－ 全體委員會審議階段 － 總目76的修正案 （表決編號286）	[u'264']
Yes	陳志全	APPROPRIATION BILL 2013 - COMMITTEE STAGE - AMENDMENT TO HEAD 21 (VOTE NO. 95)	18:05:12	14/05/2013	CHAN Chi-chuen	Member	《2013年撥款條例草案》－ 全體委員會審議階段 － 總目21的修正案 （表決編號95）	[u'94']
Yes	陳偉業	APPROPRIATION BILL 2013 - COMMITTEE STAGE - AMENDMENT TO HEAD 76 (VOTE NO. 287)	14:55:47	15/05/2013	Albert CHAN	Member	《2013年撥款條例草案》－ 全體委員會審議階段 － 總目76的修正案 （表決編號287）	[u'265']
Yes	陳志全	APPROPRIATION BILL 2013 - COMMITTEE STAGE - AMENDMENT TO HEAD 21 (VOTE NO. 96)	18:07:01	14/05/2013	CHAN Chi-chuen	Member	《2013年撥款條例草案》－ 全體委員會審議階段 － 總目21的修正案 （表決編號96）	[u'95']
Yes	陳志全	APPROPRIATION BILL 2013 - COMMITTEE STAGE - AMENDMENT TO HEAD 79 (VOTE NO. 288)	14:57:43	15/05/2013	CHAN Chi-chuen	Member	《2013年撥款條例草案》－ 全體委員會審議階段 － 總目79的修正案 （表決編號288）	[u'266']
Yes	陳志全	APPROPRIATION BILL 2013 - COMMITTEE STAGE - AMENDMENT TO HEAD 21 (VOTE NO. 97)	18:08:53	14/05/2013	CHAN Chi-chuen	Member	《2013年撥款條例草案》－ 全體委員會審議階段 － 總目21的修正案 （表決編號97）	[u'96']
Yes	梁國雄	APPROPRIATION BILL 2013 - COMMITTEE STAGE - AMENDMENT TO HEAD 80 (VOTE NO. 289)	14:59:30	15/05/2013	LEUNG Kwok-hung	Member	《2013年撥款條例草案》－ 全體委員會審議階段 － 總目80的修正案 （表決編號289）	[u'267']
Yes	陳志全	APPROPRIATION BILL 2013 - COMMITTEE STAGE - AMENDMENT TO HEAD 21 (VOTE NO. 98)	18:10:45	14/05/2013	CHAN Chi-chuen	Member	《2013年撥款條例草案》－ 全體委員會審議階段 － 總目21的修正案 （表決編號98）	[u'97']
Yes	梁國雄	APPROPRIATION BILL 2013 - COMMITTEE STAGE - AMENDMENT TO HEAD 80 (VOTE NO. 290)	15:01:25	15/05/2013	LEUNG Kwok-hung	Member	《2013年撥款條例草案》－ 全體委員會審議階段 － 總目80的修正案 （表決編號290）	[u'268']
Yes	梁國雄	APPROPRIATION BILL 2013 - COMMITTEE STAGE - AMENDMENT TO HEAD 21 (VOTE NO. 99)	18:12:27	14/05/2013	LEUNG Kwok-hung	Member	《2013年撥款條例草案》－ 全體委員會審議階段 － 總目21的修正案 （表決編號99）	[u'98']
Yes	梁國雄	APPROPRIATION BILL 2013 - COMMITTEE STAGE - AMENDMENT TO HEAD 80 (VOTE NO. 291)	15:03:15	15/05/2013	LEUNG Kwok-hung	Member	《2013年撥款條例草案》－ 全體委員會審議階段 － 總目80的修正案 （表決編號291）	[u'269']
Yes	陳志全	APPROPRIATION BILL 2013 - COMMITTEE STAGE - AMENDMENT TO HEAD 21 (VOTE NO. 100)	18:14:20	14/05/2013	CHAN Chi-chuen	Member	《2013年撥款條例草案》－ 全體委員會審議階段 － 總目21的修正案 （表決編號100）	[u'99']
Yes	陳志全	APPROPRIATION BILL 2013 - COMMITTEE STAGE - AMENDMENT TO HEAD 80 (VOTE NO. 292)	15:05:03	15/05/2013	CHAN Chi-chuen	Member	《2013年撥款條例草案》－ 全體委員會審議階段 － 總目80的修正案 （表決編號292）	[u'270']
Yes	梁國雄	APPROPRIATION BILL 2013 - COMMITTEE STAGE - AMENDMENT TO HEAD 21 (VOTE NO. 102)	18:17:32	14/05/2013	LEUNG Kwok-hung	Member	《2013年撥款條例草案》－ 全體委員會審議階段 － 總目21的修正案 （表決編號102）	[u'100']
Yes	梁國雄	APPROPRIATION BILL 2013 - COMMITTEE STAGE - AMENDMENT TO HEAD 80 (VOTE NO. 293)	15:06:47	15/05/2013	LEUNG Kwok-hung	Member	《2013年撥款條例草案》－ 全體委員會審議階段 － 總目80的修正案 （表決編號293）	[u'271']
Yes	梁國雄	APPROPRIATION BILL 2013 - COMMITTEE STAGE - AMENDMENT TO HEAD 21 (VOTE NO. 105)	18:19:19	14/05/2013	LEUNG Kwok-hung	Member	《2013年撥款條例草案》－ 全體委員會審議階段 － 總目21的修正案 （表決編號105）	[u'101']
Yes	陳志全	APPROPRIATION BILL 2013 - COMMITTEE STAGE - AMENDMENT TO HEAD 80 (VOTE NO. 294)	15:08:33	15/05/2013	CHAN Chi-chuen	Member	《2013年撥款條例草案》－ 全體委員會審議階段 － 總目80的修正案 （表決編號294）	[u'272']
Yes	梁國雄	APPROPRIATION BILL 2013 - COMMITTEE STAGE - AMENDMENT TO HEAD 21 (VOTE NO. 109)	18:21:09	14/05/2013	LEUNG Kwok-hung	Member	《2013年撥款條例草案》－ 全體委員會審議階段 － 總目21的修正案 （表決編號109）	[u'102']
Yes	梁國雄	APPROPRIATION BILL 2013 - COMMITTEE STAGE - AMENDMENT TO HEAD 80 (VOTE NO. 295)	15:10:21	15/05/2013	LEUNG Kwok-hung	Member	《2013年撥款條例草案》－ 全體委員會審議階段 － 總目80的修正案 （表決編號295）	[u'273']
Yes	梁國雄	APPROPRIATION BILL 2013 - COMMITTEE STAGE - AMENDMENT TO HEAD 21 (VOTE NO. 110)	18:22:57	14/05/2013	LEUNG Kwok-hung	Member	《2013年撥款條例草案》－ 全體委員會審議階段 － 總目21的修正案 （表決編號110）	[u'103']
Yes	梁國雄	APPROPRIATION BILL 2013 - COMMITTEE STAGE - AMENDMENT TO HEAD 82 (VOTE NO. 296)	15:12:12	15/05/2013	LEUNG Kwok-hung	Member	《2013年撥款條例草案》－ 全體委員會審議階段 － 總目82的修正案 （表決編號296）	[u'274']
Yes	梁國雄	APPROPRIATION BILL 2013 - COMMITTEE STAGE - AMENDMENT TO HEAD 21 (VOTE NO. 113)	18:24:42	14/05/2013	LEUNG Kwok-hung	Member	《2013年撥款條例草案》－ 全體委員會審議階段 － 總目21的修正案 （表決編號113）	[u'104']
Yes	梁國雄	APPROPRIATION BILL 2013 - COMMITTEE STAGE - AMENDMENT TO HEAD 82 (VOTE NO. 297)	15:14:08	15/05/2013	LEUNG Kwok-hung	Member	《2013年撥款條例草案》－ 全體委員會審議階段 － 總目82的修正案 （表決編號297）	[u'275']
Yes	梁國雄	APPROPRIATION BILL 2013 - COMMITTEE STAGE - AMENDMENT TO HEAD 21 (VOTE NO. 114)	18:26:37	14/05/2013	LEUNG Kwok-hung	Member	《2013年撥款條例草案》－ 全體委員會審議階段 － 總目21的修正案 （表決編號114）	[u'105']
Yes	梁國雄	APPROPRIATION BILL 2013 - COMMITTEE STAGE - AMENDMENT TO HEAD 82 (VOTE NO. 298)	15:16:01	15/05/2013	LEUNG Kwok-hung	Member	《2013年撥款條例草案》－ 全體委員會審議階段 － 總目82的修正案 （表決編號298）	[u'276']
Yes	梁國雄	APPROPRIATION BILL 2013 - COMMITTEE STAGE - AMENDMENT TO HEAD 21 (VOTE NO. 116)	18:28:22	14/05/2013	LEUNG Kwok-hung	Member	《2013年撥款條例草案》－ 全體委員會審議階段 － 總目21的修正案 （表決編號116）	[u'106']
Yes	梁國雄	APPROPRIATION BILL 2013 - COMMITTEE STAGE - AMENDMENT TO HEAD 82 (VOTE NO. 299)	15:17:46	15/05/2013	LEUNG Kwok-hung	Member	《2013年撥款條例草案》－ 全體委員會審議階段 － 總目82的修正案 （表決編號299）	[u'277']
Yes	梁國雄	APPROPRIATION BILL 2013 - COMMITTEE STAGE - AMENDMENT TO HEAD 21 (VOTE NO. 118)	18:30:09	14/05/2013	LEUNG Kwok-hung	Member	《2013年撥款條例草案》－ 全體委員會審議階段 － 總目21的修正案 （表決編號118）	[u'107']
Yes	梁國雄	APPROPRIATION BILL 2013 - COMMITTEE STAGE - AMENDMENT TO HEAD 82 (VOTE NO. 300)	15:19:35	15/05/2013	LEUNG Kwok-hung	Member	《2013年撥款條例草案》－ 全體委員會審議階段 － 總目82的修正案 （表決編號300）	[u'278']
Yes	梁國雄	APPROPRIATION BILL 2013 - COMMITTEE STAGE - AMENDMENT TO HEAD 21 (VOTE NO. 119)	18:31:58	14/05/2013	LEUNG Kwok-hung	Member	《2013年撥款條例草案》－ 全體委員會審議階段 － 總目21的修正案 （表決編號119）	[u'108']
Yes	梁國雄	APPROPRIATION BILL 2013 - COMMITTEE STAGE - AMENDMENT TO HEAD 82 (VOTE NO. 301)	15:21:29	15/05/2013	LEUNG Kwok-hung	Member	《2013年撥款條例草案》－ 全體委員會審議階段 － 總目82的修正案 （表決編號301）	[u'279']
Yes	梁國雄	APPROPRIATION BILL 2013 - COMMITTEE STAGE - AMENDMENT TO HEAD 21 (VOTE NO. 121)	18:33:57	14/05/2013	LEUNG Kwok-hung	Member	《2013年撥款條例草案》－ 全體委員會審議階段 － 總目21的修正案 （表決編號121）	[u'109']
Yes	梁國雄	APPROPRIATION BILL 2013 - COMMITTEE STAGE - AMENDMENT TO HEAD 82 (VOTE NO. 302)	15:23:25	15/05/2013	LEUNG Kwok-hung	Member	《2013年撥款條例草案》－ 全體委員會審議階段 － 總目82的修正案 （表決編號302）	[u'280']
Yes	梁國雄	APPROPRIATION BILL 2013 - COMMITTEE STAGE - AMENDMENT TO HEAD 21 (VOTE NO. 123)	18:35:51	14/05/2013	LEUNG Kwok-hung	Member	《2013年撥款條例草案》－ 全體委員會審議階段 － 總目21的修正案 （表決編號123）	[u'110']
Yes	梁國雄	APPROPRIATION BILL 2013 - COMMITTEE STAGE - AMENDMENT TO HEAD 82 (VOTE NO. 303)	15:25:18	15/05/2013	LEUNG Kwok-hung	Member	《2013年撥款條例草案》－ 全體委員會審議階段 － 總目82的修正案 （表決編號303）	[u'281']
Yes	梁國雄	APPROPRIATION BILL 2013 - COMMITTEE STAGE - AMENDMENT TO HEAD 21 (VOTE NO. 124)	18:37:46	14/05/2013	LEUNG Kwok-hung	Member	《2013年撥款條例草案》－ 全體委員會審議階段 － 總目21的修正案 （表決編號124）	[u'111']
Yes	梁國雄	APPROPRIATION BILL 2013 - COMMITTEE STAGE - AMENDMENT TO HEAD 82 (VOTE NO. 304)	15:27:11	15/05/2013	LEUNG Kwok-hung	Member	《2013年撥款條例草案》－ 全體委員會審議階段 － 總目82的修正案 （表決編號304）	[u'282']
Yes	梁國雄	APPROPRIATION BILL 2013 - COMMITTEE STAGE - AMENDMENT TO HEAD 21 (VOTE NO. 126)	18:39:34	14/05/2013	LEUNG Kwok-hung	Member	《2013年撥款條例草案》－ 全體委員會審議階段 － 總目21的修正案 （表決編號126）	[u'112']
Yes	梁國雄	APPROPRIATION BILL 2013 - COMMITTEE STAGE - AMENDMENT TO HEAD 82 (VOTE NO. 305)	15:29:05	15/05/2013	LEUNG Kwok-hung	Member	《2013年撥款條例草案》－ 全體委員會審議階段 － 總目82的修正案 （表決編號305）	[u'283']
Yes	梁國雄	APPROPRIATION BILL 2013 - COMMITTEE STAGE - AMENDMENT TO HEAD 21 (VOTE NO. 127)	18:41:26	14/05/2013	LEUNG Kwok-hung	Member	《2013年撥款條例草案》－ 全體委員會審議階段 － 總目21的修正案 （表決編號127）	[u'113']
Yes	梁國雄	APPROPRIATION BILL 2013 - COMMITTEE STAGE - AMENDMENT TO HEAD 82 (VOTE NO. 306)	15:30:58	15/05/2013	LEUNG Kwok-hung	Member	《2013年撥款條例草案》－ 全體委員會審議階段 － 總目82的修正案 （表決編號306）	[u'284']
Yes	梁國雄	APPROPRIATION BILL 2013 - COMMITTEE STAGE - AMENDMENT TO HEAD 21 (VOTE NO. 129)	18:43:19	14/05/2013	LEUNG Kwok-hung	Member	《2013年撥款條例草案》－ 全體委員會審議階段 － 總目21的修正案 （表決編號129）	[u'114']
Yes	梁國雄	APPROPRIATION BILL 2013 - COMMITTEE STAGE - AMENDMENT TO HEAD 82 (VOTE NO. 307)	15:32:54	15/05/2013	LEUNG Kwok-hung	Member	《2013年撥款條例草案》－ 全體委員會審議階段 － 總目82的修正案 （表決編號307）	[u'285']
Yes	梁國雄	APPROPRIATION BILL 2013 - COMMITTEE STAGE - AMENDMENT TO HEAD 21 (VOTE NO. 131)	18:45:05	14/05/2013	LEUNG Kwok-hung	Member	《2013年撥款條例草案》－ 全體委員會審議階段 － 總目21的修正案 （表決編號131）	[u'115']
Yes	陳志全	APPROPRIATION BILL 2013 - COMMITTEE STAGE - AMENDMENT TO HEAD 90 (VOTE NO. 308)	15:34:52	15/05/2013	CHAN Chi-chuen	Member	《2013年撥款條例草案》－ 全體委員會審議階段 － 總目90的修正案 （表決編號308）	[u'286']
Yes	梁國雄	APPROPRIATION BILL 2013 - COMMITTEE STAGE - AMENDMENT TO HEAD 21 (VOTE NO. 132)	18:46:52	14/05/2013	LEUNG Kwok-hung	Member	《2013年撥款條例草案》－ 全體委員會審議階段 － 總目21的修正案 （表決編號132）	[u'116']
Yes	陳志全	APPROPRIATION BILL 2013 - COMMITTEE STAGE - AMENDMENT TO HEAD 90 (VOTE NO. 309)	15:36:58	15/05/2013	CHAN Chi-chuen	Member	《2013年撥款條例草案》－ 全體委員會審議階段 － 總目90的修正案 （表決編號309）	[u'287']
Yes	梁國雄	APPROPRIATION BILL 2013 - COMMITTEE STAGE - AMENDMENT TO HEAD 21 (VOTE NO. 134)	18:49:07	14/05/2013	LEUNG Kwok-hung	Member	《2013年撥款條例草案》－ 全體委員會審議階段 － 總目21的修正案 （表決編號134）	[u'117']
Yes	梁國雄	APPROPRIATION BILL 2013 - COMMITTEE STAGE - AMENDMENT TO HEAD 90 (VOTE NO. 310)	15:38:49	15/05/2013	LEUNG Kwok-hung	Member	《2013年撥款條例草案》－ 全體委員會審議階段 － 總目90的修正案 （表決編號310）	[u'288']
Yes	梁國雄	APPROPRIATION BILL 2013 - COMMITTEE STAGE - AMENDMENT TO HEAD 22 (VOTE NO. 135)	18:51:01	14/05/2013	LEUNG Kwok-hung	Member	《2013年撥款條例草案》－ 全體委員會審議階段 － 總目22的修正案 （表決編號135）	[u'118']
Yes	梁國雄	APPROPRIATION BILL 2013 - COMMITTEE STAGE - AMENDMENT TO HEAD 90 (VOTE NO. 311)	15:40:45	15/05/2013	LEUNG Kwok-hung	Member	《2013年撥款條例草案》－ 全體委員會審議階段 － 總目90的修正案 （表決編號311）	[u'289']
Yes	梁國雄	APPROPRIATION BILL 2013 - COMMITTEE STAGE - AMENDMENT TO HEAD 22 (VOTE NO. 136)	18:52:47	14/05/2013	LEUNG Kwok-hung	Member	《2013年撥款條例草案》－ 全體委員會審議階段 － 總目22的修正案 （表決編號136）	[u'119']
Yes	陳志全	APPROPRIATION BILL 2013 - COMMITTEE STAGE - AMENDMENT TO HEAD 90 (VOTE NO. 312)	15:42:48	15/05/2013	CHAN Chi-chuen	Member	《2013年撥款條例草案》－ 全體委員會審議階段 － 總目90的修正案 （表決編號312）	[u'290']
Yes	梁國雄	APPROPRIATION BILL 2013 - COMMITTEE STAGE - AMENDMENT TO HEAD 90 (VOTE NO. 313)	15:44:49	15/05/2013	LEUNG Kwok-hung	Member	《2013年撥款條例草案》－ 全體委員會審議階段 － 總目90的修正案 （表決編號313）	[u'291']
Yes	梁國雄	APPROPRIATION BILL 2013 - COMMITTEE STAGE - AMENDMENT TO HEAD 22 (VOTE NO. 137)	18:54:31	14/05/2013	LEUNG Kwok-hung	Member	《2013年撥款條例草案》－ 全體委員會審議階段 － 總目22的修正案 （表決編號137）	[u'120']
Yes	梁國雄	APPROPRIATION BILL 2013 - COMMITTEE STAGE - AMENDMENT TO HEAD 90 (VOTE NO. 314)	15:46:42	15/05/2013	LEUNG Kwok-hung	Member	《2013年撥款條例草案》－ 全體委員會審議階段 － 總目90的修正案 （表決編號314）	[u'292']
Yes	梁國雄	APPROPRIATION BILL 2013 - COMMITTEE STAGE - AMENDMENT TO HEAD 22 (VOTE NO. 138)	18:56:18	14/05/2013	LEUNG Kwok-hung	Member	《2013年撥款條例草案》－ 全體委員會審議階段 － 總目22的修正案 （表決編號138）	[u'121']
Yes	陳志全	APPROPRIATION BILL 2013 - COMMITTEE STAGE - AMENDMENT TO HEAD 90 (VOTE NO. 315)	15:48:38	15/05/2013	CHAN Chi-chuen	Member	《2013年撥款條例草案》－ 全體委員會審議階段 － 總目90的修正案 （表決編號315）	[u'293']
Yes	梁國雄	APPROPRIATION BILL 2013 - COMMITTEE STAGE - AMENDMENT TO HEAD 22 (VOTE NO. 139)	18:58:01	14/05/2013	LEUNG Kwok-hung	Member	《2013年撥款條例草案》－ 全體委員會審議階段 － 總目22的修正案 （表決編號139）	[u'122']
Yes	梁國雄	APPROPRIATION BILL 2013 - COMMITTEE STAGE - AMENDMENT TO HEAD 90 (VOTE NO. 316)	15:50:39	15/05/2013	LEUNG Kwok-hung	Member	《2013年撥款條例草案》－ 全體委員會審議階段 － 總目90的修正案 （表決編號316）	[u'294']
Yes	梁國雄	APPROPRIATION BILL 2013 - COMMITTEE STAGE - AMENDMENT TO HEAD 22 (VOTE NO. 140)	18:59:50	14/05/2013	LEUNG Kwok-hung	Member	《2013年撥款條例草案》－ 全體委員會審議階段 － 總目22的修正案 （表決編號140）	[u'123']
Yes	梁國雄	APPROPRIATION BILL 2013 - COMMITTEE STAGE - AMENDMENT TO HEAD 22 (VOTE NO. 141)	20:07:55	14/05/2013	LEUNG Kwok-hung	Member	《2013年撥款條例草案》－ 全體委員會審議階段 － 總目22的修正案 （表決編號141）	[u'124']
Yes	梁國雄	APPROPRIATION BILL 2013 - COMMITTEE STAGE - AMENDMENT TO HEAD 90 (VOTE NO. 317)	15:52:39	15/05/2013	LEUNG Kwok-hung	Member	《2013年撥款條例草案》－ 全體委員會審議階段 － 總目90的修正案 （表決編號317）	[u'295']
Yes	梁國雄	APPROPRIATION BILL 2013 - COMMITTEE STAGE - AMENDMENT TO HEAD 22 (VOTE NO. 142)	20:09:46	14/05/2013	LEUNG Kwok-hung	Member	《2013年撥款條例草案》－ 全體委員會審議階段 － 總目22的修正案 （表決編號142）	[u'125']
Yes	梁國雄	APPROPRIATION BILL 2013 - COMMITTEE STAGE - AMENDMENT TO HEAD 90 (VOTE NO. 318)	15:54:34	15/05/2013	LEUNG Kwok-hung	Member	《2013年撥款條例草案》－ 全體委員會審議階段 － 總目90的修正案 （表決編號318）	[u'296']
Yes	梁國雄	APPROPRIATION BILL 2013 - COMMITTEE STAGE - AMENDMENT TO HEAD 22 (VOTE NO. 143)	20:11:36	14/05/2013	LEUNG Kwok-hung	Member	《2013年撥款條例草案》－ 全體委員會審議階段 － 總目22的修正案 （表決編號143）	[u'126']
Yes	梁國雄	APPROPRIATION BILL 2013 - COMMITTEE STAGE - AMENDMENT TO HEAD 90 (VOTE NO. 319)	15:56:31	15/05/2013	LEUNG Kwok-hung	Member	《2013年撥款條例草案》－ 全體委員會審議階段 － 總目90的修正案 （表決編號319）	[u'297']
Yes	梁國雄	APPROPRIATION BILL 2013 - COMMITTEE STAGE - AMENDMENT TO HEAD 22 (VOTE NO. 145)	20:13:21	14/05/2013	LEUNG Kwok-hung	Member	《2013年撥款條例草案》－ 全體委員會審議階段 － 總目22的修正案 （表決編號145）	[u'127']
Yes	梁國雄	APPROPRIATION BILL 2013 - COMMITTEE STAGE - AMENDMENT TO HEAD 90 (VOTE NO. 320)	15:58:29	15/05/2013	LEUNG Kwok-hung	Member	《2013年撥款條例草案》－ 全體委員會審議階段 － 總目90的修正案 （表決編號320）	[u'298']
Yes	梁國雄	APPROPRIATION BILL 2013 - COMMITTEE STAGE - AMENDMENT TO HEAD 22 (VOTE NO. 146)	20:15:05	14/05/2013	LEUNG Kwok-hung	Member	《2013年撥款條例草案》－ 全體委員會審議階段 － 總目22的修正案 （表決編號146）	[u'128']
Yes	梁國雄	APPROPRIATION BILL 2013 - COMMITTEE STAGE - AMENDMENT TO HEAD 90 (VOTE NO. 321)	16:00:23	15/05/2013	LEUNG Kwok-hung	Member	《2013年撥款條例草案》－ 全體委員會審議階段 － 總目90的修正案 （表決編號321）	[u'299']
Yes	梁國雄	APPROPRIATION BILL 2013 - COMMITTEE STAGE - AMENDMENT TO HEAD 90 (VOTE NO. 322)	16:02:19	15/05/2013	LEUNG Kwok-hung	Member	《2013年撥款條例草案》－ 全體委員會審議階段 － 總目90的修正案 （表決編號322）	[u'300']
Yes	梁國雄	APPROPRIATION BILL 2013 - COMMITTEE STAGE - AMENDMENT TO HEAD 22 (VOTE NO. 147)	20:16:51	14/05/2013	LEUNG Kwok-hung	Member	《2013年撥款條例草案》－ 全體委員會審議階段 － 總目22的修正案 （表決編號147）	[u'129']
Yes	梁國雄	APPROPRIATION BILL 2013 - COMMITTEE STAGE - AMENDMENT TO HEAD 91 (VOTE NO. 323)	16:04:24	15/05/2013	LEUNG Kwok-hung	Member	《2013年撥款條例草案》－ 全體委員會審議階段 － 總目91的修正案 （表決編號323）	[u'301']
Yes	梁國雄	APPROPRIATION BILL 2013 - COMMITTEE STAGE - AMENDMENT TO HEAD 22 (VOTE NO. 148)	20:18:35	14/05/2013	LEUNG Kwok-hung	Member	《2013年撥款條例草案》－ 全體委員會審議階段 － 總目22的修正案 （表決編號148）	[u'130']
